[{"attachments": {}, "author_id": "1470853117709148161", "context_annotations": [{"domain": {"id": "6", "name": "Sports Event"}, "entity": {"id": "1275806388367720450", "name": "2022 FIFA World Cup"}}, {"domain": {"id": "26", "name": "Sports League", "description": ""}, "entity": {"id": "1275806388367720450", "name": "2022 FIFA World Cup"}}, {"domain": {"id": "26", "name": "Sports League", "description": ""}, "entity": {"id": "1304474187961044993", "name": "FIFA Men's World Cup"}}, {"domain": {"id": "29", "name": "Events [Entity Service]", "description": "Real world events. "}, "entity": {"id": "1275806388367720450", "name": "2022 FIFA World Cup"}}, {"domain": {"id": "40", "name": "Sports Series", "description": "A grouping of sports events or series, for example 2014 pre-season, a tournament, or round"}, "entity": {"id": "1275806388367720450", "name": "2022 FIFA World Cup"}}, {"domain": {"id": "46", "name": "Business Taxonomy", "description": "Categories within Brand Verticals that narrow down the scope of Brands"}, "entity": {"id": "1557697289971322880", "name": "Sports & Fitness Business", "description": "Brands, companies, advertisers and every non-person handle with the profit intent related to sports nutrition, athletic apparel, sports apps, fitness venues"}}, {"domain": {"id": "131", "name": "Unified Twitter Taxonomy", "description": "A taxonomy of user interests. "}, "entity": {"id": "733756536430809088", "name": "Soccer"}}, {"domain": {"id": "131", "name": "Unified Twitter Taxonomy", "description": "A taxonomy of user interests. "}, "entity": {"id": "847900493514891265", "name": "Sports", "description": "Sports"}}, {"domain": {"id": "131", "name": "Unified Twitter Taxonomy", "description": "A taxonomy of user interests. "}, "entity": {"id": "1286401121641103360", "name": "Sports events"}}, {"domain": {"id": "131", "name": "Unified Twitter Taxonomy", "description": "A taxonomy of user interests. "}, "entity": {"id": "1304474187961044993", "name": "FIFA Men's World Cup"}}, {"domain": {"id": "131", "name": "Unified Twitter Taxonomy", "description": "A taxonomy of user interests. "}, "entity": {"id": "1436053202835689485", "name": "Events"}}], "conversation_id": "1605592679894552576", "created_at": "2022-12-21T15:55:00.000Z", "edit_controls": {"edits_remaining": 5, "is_edit_eligible": true, "editable_until": "2022-12-21T16:25:00.000Z"}, "edit_history_tweet_ids": ["1605592679894552576"], "entities": {"urls": [{"start": 45, "end": 68, "url": "https://t.co/cwzIqrnldI", "expanded_url": "https://twitter.com/NaijaNation/status/1604825537993932809", "display_url": "twitter.com/NaijaNation/st\u2026"}]}, "geo": {}, "id": "1605592679894552576", "lang": "en", "possibly_sensitive": false, "public_metrics": {"retweet_count": 0, "reply_count": 0, "like_count": 0, "quote_count": 0}, "referenced_tweets": [{"type": "quoted", "id": "1604825537993932809", "attachments": {}, "author_id": "1282954458935160833", "context_annotations": [{"domain": {"id": "6", "name": "Sports Event"}, "entity": {"id": "1275806388367720450", "name": "2022 FIFA World Cup"}}, {"domain": {"id": "26", "name": "Sports League", "description": ""}, "entity": {"id": "1275806388367720450", "name": "2022 FIFA World Cup"}}, {"domain": {"id": "26", "name": "Sports League", "description": ""}, "entity": {"id": "1304474187961044993", "name": "FIFA Men's World Cup"}}, {"domain": {"id": "29", "name": "Events [Entity Service]", "description": "Real world events. "}, "entity": {"id": "1275806388367720450", "name": "2022 FIFA World Cup"}}, {"domain": {"id": "40", "name": "Sports Series", "description": "A grouping of sports events or series, for example 2014 pre-season, a tournament, or round"}, "entity": {"id": "1275806388367720450", "name": "2022 FIFA World Cup"}}, {"domain": {"id": "46", "name": "Business Taxonomy", "description": "Categories within Brand Verticals that narrow down the scope of Brands"}, "entity": {"id": "1557697289971322880", "name": "Sports & Fitness Business", "description": "Brands, companies, advertisers and every non-person handle with the profit intent related to sports nutrition, athletic apparel, sports apps, fitness venues"}}, {"domain": {"id": "131", "name": "Unified Twitter Taxonomy", "description": "A taxonomy of user interests. "}, "entity": {"id": "733756536430809088", "name": "Soccer"}}, {"domain": {"id": "131", "name": "Unified Twitter Taxonomy", "description": "A taxonomy of user interests. "}, "entity": {"id": "847900493514891265", "name": "Sports", "description": "Sports"}}, {"domain": {"id": "131", "name": "Unified Twitter Taxonomy", "description": "A taxonomy of user interests. "}, "entity": {"id": "1286401121641103360", "name": "Sports events"}}, {"domain": {"id": "131", "name": "Unified Twitter Taxonomy", "description": "A taxonomy of user interests. "}, "entity": {"id": "1304474187961044993", "name": "FIFA Men's World Cup"}}, {"domain": {"id": "131", "name": "Unified Twitter Taxonomy", "description": "A taxonomy of user interests. "}, "entity": {"id": "1436053202835689485", "name": "Events"}}], "conversation_id": "1604825537993932809", "created_at": "2022-12-19T13:06:39.000Z", "edit_controls": {"edits_remaining": 5, "is_edit_eligible": false, "editable_until": "2022-12-19T13:36:39.000Z"}, "edit_history_tweet_ids": ["1604825537993932809"], "entities": {"annotations": [{"start": 15, "end": 21, "probability": 0.9789, "type": "Place", "normalized_text": "Nigeria"}, {"start": 36, "end": 44, "probability": 0.8195, "type": "Organization", "normalized_text": "World Cup"}]}, "geo": {}, "lang": "en", "possibly_sensitive": false, "public_metrics": {"retweet_count": 9944, "reply_count": 4500, "like_count": 22345, "quote_count": 13154}, "reply_settings": "everyone", "text": "Do y\u2019all think Nigeria could host a World Cup?", "author": {"created_at": "2020-07-14T08:26:05.000Z", "description": "The only brand dedicated to connecting Nigerians in the diaspora to their culture. \ud83c\uddf3\ud83c\uddec\ud83d\udc9a", "entities": {"url": {"urls": [{"start": 0, "end": 23, "url": "https://t.co/Iy0xpADVFY", "expanded_url": "https://linktr.ee/naijanation", "display_url": "linktr.ee/naijanation"}]}}, "id": "1282954458935160833", "name": "Naija Nation", "pinned_tweet_id": "1602025583021502464", "profile_image_url": "https://pbs.twimg.com/profile_images/1371603879557701633/yjs876EV_normal.jpg", "protected": false, "public_metrics": {"followers_count": 10456, "following_count": 4157, "tweet_count": 5718, "listed_count": 14}, "url": "https://t.co/Iy0xpADVFY", "username": "NaijaNation", "verified": false}}], "reply_settings": "everyone", "text": "Nigerians sense of humor&gt;&gt;&gt;&gt;&gt; https://t.co/cwzIqrnldI", "author": {"created_at": "2021-12-14T20:28:30.000Z", "description": "Becoming the best version of myself", "id": "1470853117709148161", "location": "Where i am meant to be ", "name": "OKIKI-JESU", "profile_image_url": "https://pbs.twimg.com/profile_images/1604367774545068036/fausiZ_1_normal.jpg", "protected": false, "public_metrics": {"followers_count": 235, "following_count": 284, "tweet_count": 1609, "listed_count": 1}, "username": "Okikije39319801", "verified": false}, "__twarc": {"url": "https://api.twitter.com/2/tweets/search/stream?expansions=author_id%2Cin_reply_to_user_id%2Creferenced_tweets.id%2Creferenced_tweets.id.author_id%2Centities.mentions.username%2Cattachments.poll_ids%2Cattachments.media_keys%2Cgeo.place_id%2Cedit_history_tweet_ids&tweet.fields=attachments%2Cauthor_id%2Ccontext_annotations%2Cconversation_id%2Ccreated_at%2Centities%2Cgeo%2Cid%2Cin_reply_to_user_id%2Clang%2Cpublic_metrics%2Ctext%2Cpossibly_sensitive%2Creferenced_tweets%2Creply_settings%2Csource%2Cwithheld%2Cedit_controls&user.fields=created_at%2Cdescription%2Centities%2Cid%2Clocation%2Cname%2Cpinned_tweet_id%2Cprofile_image_url%2Cprotected%2Cpublic_metrics%2Curl%2Cusername%2Cverified%2Cwithheld&media.fields=alt_text%2Cduration_ms%2Cheight%2Cmedia_key%2Cpreview_image_url%2Ctype%2Curl%2Cwidth%2Cpublic_metrics&poll.fields=duration_minutes%2Cend_datetime%2Cid%2Coptions%2Cvoting_status&place.fields=contained_within%2Ccountry%2Ccountry_code%2Cfull_name%2Cgeo%2Cid%2Cname%2Cplace_type", "version": "2.12.0", "retrieved_at": "2022-12-21T15:55:08+00:00"}, "matching_rules": [{"id": "1605592664887394311", "tag": "worldcup-related-tweets"}]}][{"attachments": {}, "author_id": "976112641893720064", "context_annotations": [{"domain": {"id": "6", "name": "Sports Event"}, "entity": {"id": "1275806388367720450", "name": "2022 FIFA World Cup"}}, {"domain": {"id": "11", "name": "Sport", "description": "Types of sports, like soccer and basketball"}, "entity": {"id": "733756536430809088", "name": "Soccer"}}, {"domain": {"id": "12", "name": "Sports Team", "description": "A sports team organization, like Arsenal and the Boston Celtics"}, "entity": {"id": "731226234080788481", "name": "Argentina"}}, {"domain": {"id": "26", "name": "Sports League", "description": ""}, "entity": {"id": "1275806388367720450", "name": "2022 FIFA World Cup"}}, {"domain": {"id": "26", "name": "Sports League", "description": ""}, "entity": {"id": "1304474187961044993", "name": "FIFA Men's World Cup"}}, {"domain": {"id": "29", "name": "Events [Entity Service]", "description": "Real world events. "}, "entity": {"id": "1275806388367720450", "name": "2022 FIFA World Cup"}}, {"domain": {"id": "40", "name": "Sports Series", "description": "A grouping of sports events or series, for example 2014 pre-season, a tournament, or round"}, "entity": {"id": "1275806388367720450", "name": "2022 FIFA World Cup"}}, {"domain": {"id": "46", "name": "Business Taxonomy", "description": "Categories within Brand Verticals that narrow down the scope of Brands"}, "entity": {"id": "1557697289971322880", "name": "Sports & Fitness Business", "description": "Brands, companies, advertisers and every non-person handle with the profit intent related to sports nutrition, athletic apparel, sports apps, fitness venues"}}, {"domain": {"id": "131", "name": "Unified Twitter Taxonomy", "description": "A taxonomy of user interests. "}, "entity": {"id": "731226234080788481", "name": "Argentina"}}, {"domain": {"id": "131", "name": "Unified Twitter Taxonomy", "description": "A taxonomy of user interests. "}, "entity": {"id": "733756536430809088", "name": "Soccer"}}, {"domain": {"id": "131", "name": "Unified Twitter Taxonomy", "description": "A taxonomy of user interests. "}, "entity": {"id": "847900493514891265", "name": "Sports", "description": "Sports"}}, {"domain": {"id": "131", "name": "Unified Twitter Taxonomy", "description": "A taxonomy of user interests. "}, "entity": {"id": "1100397500890996736", "name": "Men's national soccer teams", "description": "National Soccer Teams"}}, {"domain": {"id": "131", "name": "Unified Twitter Taxonomy", "description": "A taxonomy of user interests. "}, "entity": {"id": "1286401121641103360", "name": "Sports events"}}, {"domain": {"id": "131", "name": "Unified Twitter Taxonomy", "description": "A taxonomy of user interests. "}, "entity": {"id": "1304474187961044993", "name": "FIFA Men's World Cup"}}, {"domain": {"id": "131", "name": "Unified Twitter Taxonomy", "description": "A taxonomy of user interests. "}, "entity": {"id": "1436053202835689485", "name": "Events"}}, {"domain": {"id": "10", "name": "Person", "description": "Named people in the world like Nelson Mandela"}, "entity": {"id": "733773885439533057", "name": "Emiliano Martinez"}}, {"domain": {"id": "60", "name": "Athlete", "description": "An athlete in the world, like Serena Williams or Lionel Messi"}, "entity": {"id": "733773885439533057", "name": "Emiliano Martinez"}}, {"domain": {"id": "131", "name": "Unified Twitter Taxonomy", "description": "A taxonomy of user interests. "}, "entity": {"id": "733756536430809088", "name": "Soccer"}}, {"domain": {"id": "131", "name": "Unified Twitter Taxonomy", "description": "A taxonomy of user interests. "}, "entity": {"id": "733773885439533057", "name": "Emiliano Martinez"}}, {"domain": {"id": "131", "name": "Unified Twitter Taxonomy", "description": "A taxonomy of user interests. "}, "entity": {"id": "847900493514891265", "name": "Sports", "description": "Sports"}}], "conversation_id": "1605595419173687300", "created_at": "2022-12-21T16:05:53.000Z", "edit_controls": {"edits_remaining": 5, "is_edit_eligible": false, "editable_until": "2022-12-21T16:35:53.000Z"}, "edit_history_tweet_ids": ["1605595419173687300"], "entities": {"annotations": [{"start": 117, "end": 125, "probability": 0.9102, "type": "Organization", "normalized_text": "World Cup"}], "mentions": [{"start": 3, "end": 15, "username": "BTSOriented", "id": "881212879361519616", "created_at": "2017-07-01T18:08:17.000Z", "description": "ENG/FR", "entities": {"url": {"urls": [{"start": 0, "end": 23, "url": "https://t.co/iUfcbgLlO8", "expanded_url": "https://youcanhelp.carrd.co/", "display_url": "youcanhelp.carrd.co"}]}}, "location": "she/her biracial", "name": "Sam\u2077 stream indigo", "pinned_tweet_id": "1592579384128737282", "profile_image_url": "https://pbs.twimg.com/profile_images/1564341366666182657/3CPaygg-_normal.jpg", "protected": false, "public_metrics": {"followers_count": 22906, "following_count": 697, "tweet_count": 141834, "listed_count": 256}, "url": "https://t.co/iUfcbgLlO8", "verified": false}]}, "geo": {}, "id": "1605595419173687300", "lang": "en", "possibly_sensitive": false, "public_metrics": {"retweet_count": 4, "reply_count": 0, "like_count": 0, "quote_count": 0}, "referenced_tweets": [{"type": "retweeted", "id": "1605588563076124673", "attachments": {}, "author_id": "881212879361519616", "context_annotations": [{"domain": {"id": "6", "name": "Sports Event"}, "entity": {"id": "1275806388367720450", "name": "2022 FIFA World Cup"}}, {"domain": {"id": "10", "name": "Person", "description": "Named people in the world like Nelson Mandela"}, "entity": {"id": "733774119699779584", "name": "Kylian Mbappe"}}, {"domain": {"id": "11", "name": "Sport", "description": "Types of sports, like soccer and basketball"}, "entity": {"id": "733756536430809088", "name": "Soccer"}}, {"domain": {"id": "12", "name": "Sports Team", "description": "A sports team organization, like Arsenal and the Boston Celtics"}, "entity": {"id": "731226231832633344", "name": "France"}}, {"domain": {"id": "12", "name": "Sports Team", "description": "A sports team organization, like Arsenal and the Boston Celtics"}, "entity": {"id": "731226234080788481", "name": "Argentina"}}, {"domain": {"id": "26", "name": "Sports League", "description": ""}, "entity": {"id": "1275806388367720450", "name": "2022 FIFA World Cup"}}, {"domain": {"id": "26", "name": "Sports League", "description": ""}, "entity": {"id": "1304474187961044993", "name": "FIFA Men's World Cup"}}, {"domain": {"id": "29", "name": "Events [Entity Service]", "description": "Real world events. "}, "entity": {"id": "1275806388367720450", "name": "2022 FIFA World Cup"}}, {"domain": {"id": "40", "name": "Sports Series", "description": "A grouping of sports events or series, for example 2014 pre-season, a tournament, or round"}, "entity": {"id": "1275806388367720450", "name": "2022 FIFA World Cup"}}, {"domain": {"id": "46", "name": "Business Taxonomy", "description": "Categories within Brand Verticals that narrow down the scope of Brands"}, "entity": {"id": "1557697289971322880", "name": "Sports & Fitness Business", "description": "Brands, companies, advertisers and every non-person handle with the profit intent related to sports nutrition, athletic apparel, sports apps, fitness venues"}}, {"domain": {"id": "60", "name": "Athlete", "description": "An athlete in the world, like Serena Williams or Lionel Messi"}, "entity": {"id": "733774119699779584", "name": "Kylian Mbappe"}}, {"domain": {"id": "131", "name": "Unified Twitter Taxonomy", "description": "A taxonomy of user interests. "}, "entity": {"id": "731226231832633344", "name": "France"}}, {"domain": {"id": "131", "name": "Unified Twitter Taxonomy", "description": "A taxonomy of user interests. "}, "entity": {"id": "731226234080788481", "name": "Argentina"}}, {"domain": {"id": "131", "name": "Unified Twitter Taxonomy", "description": "A taxonomy of user interests. "}, "entity": {"id": "733756536430809088", "name": "Soccer"}}, {"domain": {"id": "131", "name": "Unified Twitter Taxonomy", "description": "A taxonomy of user interests. "}, "entity": {"id": "847900493514891265", "name": "Sports", "description": "Sports"}}, {"domain": {"id": "131", "name": "Unified Twitter Taxonomy", "description": "A taxonomy of user interests. "}, "entity": {"id": "1100397500890996736", "name": "Men's national soccer teams", "description": "National Soccer Teams"}}, {"domain": {"id": "131", "name": "Unified Twitter Taxonomy", "description": "A taxonomy of user interests. "}, "entity": {"id": "1286401121641103360", "name": "Sports events"}}, {"domain": {"id": "131", "name": "Unified Twitter Taxonomy", "description": "A taxonomy of user interests. "}, "entity": {"id": "1304474187961044993", "name": "FIFA Men's World Cup"}}, {"domain": {"id": "131", "name": "Unified Twitter Taxonomy", "description": "A taxonomy of user interests. "}, "entity": {"id": "1436053202835689485", "name": "Events"}}, {"domain": {"id": "10", "name": "Person", "description": "Named people in the world like Nelson Mandela"}, "entity": {"id": "733773885439533057", "name": "Emiliano Martinez"}}, {"domain": {"id": "10", "name": "Person", "description": "Named people in the world like Nelson Mandela"}, "entity": {"id": "733774119699779584", "name": "Kylian Mbappe"}}, {"domain": {"id": "11", "name": "Sport", "description": "Types of sports, like soccer and basketball"}, "entity": {"id": "733756536430809088", "name": "Soccer"}}, {"domain": {"id": "60", "name": "Athlete", "description": "An athlete in the world, like Serena Williams or Lionel Messi"}, "entity": {"id": "733773885439533057", "name": "Emiliano Martinez"}}, {"domain": {"id": "60", "name": "Athlete", "description": "An athlete in the world, like Serena Williams or Lionel Messi"}, "entity": {"id": "733774119699779584", "name": "Kylian Mbappe"}}, {"domain": {"id": "131", "name": "Unified Twitter Taxonomy", "description": "A taxonomy of user interests. "}, "entity": {"id": "733756536430809088", "name": "Soccer"}}, {"domain": {"id": "131", "name": "Unified Twitter Taxonomy", "description": "A taxonomy of user interests. "}, "entity": {"id": "733773885439533057", "name": "Emiliano Martinez"}}, {"domain": {"id": "131", "name": "Unified Twitter Taxonomy", "description": "A taxonomy of user interests. "}, "entity": {"id": "733774119699779584", "name": "Kylian Mbappe"}}, {"domain": {"id": "131", "name": "Unified Twitter Taxonomy", "description": "A taxonomy of user interests. "}, "entity": {"id": "847900493514891265", "name": "Sports", "description": "Sports"}}], "conversation_id": "1605588563076124673", "created_at": "2022-12-21T15:38:38.000Z", "edit_controls": {"edits_remaining": 5, "is_edit_eligible": false, "editable_until": "2022-12-21T16:08:38.000Z"}, "edit_history_tweet_ids": ["1605588563076124673"], "entities": {"urls": [{"start": 261, "end": 284, "url": "https://t.co/kid53ax6iv", "expanded_url": "https://twitter.com/ActuFoot_/status/1605282136776495120", "display_url": "twitter.com/ActuFoot_/stat\u2026"}]}, "geo": {}, "lang": "en", "possibly_sensitive": false, "public_metrics": {"retweet_count": 4, "reply_count": 2, "like_count": 33, "quote_count": 0}, "referenced_tweets": [{"type": "quoted", "id": "1605282136776495120"}], "reply_settings": "everyone", "text": "Shouldn't he be busy celebrating his team's historical achievement ? Why is a 24 yo guy who won the World Cup at age 19 occupying your mind during such a day ?\n\nFriend, you're a goal keeper who conceded FOUR goals by Mbapp\u00e9's foot during the finale. Be humble. https://t.co/kid53ax6iv", "author": {"created_at": "2017-07-01T18:08:17.000Z", "description": "ENG/FR", "entities": {"url": {"urls": [{"start": 0, "end": 23, "url": "https://t.co/iUfcbgLlO8", "expanded_url": "https://youcanhelp.carrd.co/", "display_url": "youcanhelp.carrd.co"}]}}, "id": "881212879361519616", "location": "she/her biracial", "name": "Sam\u2077 stream indigo", "pinned_tweet_id": "1592579384128737282", "profile_image_url": "https://pbs.twimg.com/profile_images/1564341366666182657/3CPaygg-_normal.jpg", "protected": false, "public_metrics": {"followers_count": 22906, "following_count": 697, "tweet_count": 141834, "listed_count": 256}, "url": "https://t.co/iUfcbgLlO8", "username": "BTSOriented", "verified": false}}], "reply_settings": "everyone", "text": "RT @BTSOriented: Shouldn't he be busy celebrating his team's historical achievement ? Why is a 24 yo guy who won the World Cup at age 19 oc\u2026", "author": {"created_at": "2018-03-20T15:06:03.000Z", "description": "Moi mOi moI moi", "id": "976112641893720064", "location": "France", "name": "\u2740*\u0cc3Nochu\u2077\ud83d\udc30\ud83d\udc9b", "profile_image_url": "https://pbs.twimg.com/profile_images/1527208530868060160/hO3ekSPs_normal.jpg", "protected": false, "public_metrics": {"followers_count": 115, "following_count": 186, "tweet_count": 66349, "listed_count": 0}, "username": "HoneyJayKay", "verified": false}, "__twarc": {"url": "https://api.twitter.com/2/tweets/search/stream?expansions=author_id%2Cin_reply_to_user_id%2Creferenced_tweets.id%2Creferenced_tweets.id.author_id%2Centities.mentions.username%2Cattachments.poll_ids%2Cattachments.media_keys%2Cgeo.place_id%2Cedit_history_tweet_ids&tweet.fields=attachments%2Cauthor_id%2Ccontext_annotations%2Cconversation_id%2Ccreated_at%2Centities%2Cgeo%2Cid%2Cin_reply_to_user_id%2Clang%2Cpublic_metrics%2Ctext%2Cpossibly_sensitive%2Creferenced_tweets%2Creply_settings%2Csource%2Cwithheld%2Cedit_controls&user.fields=created_at%2Cdescription%2Centities%2Cid%2Clocation%2Cname%2Cpinned_tweet_id%2Cprofile_image_url%2Cprotected%2Cpublic_metrics%2Curl%2Cusername%2Cverified%2Cwithheld&media.fields=alt_text%2Cduration_ms%2Cheight%2Cmedia_key%2Cpreview_image_url%2Ctype%2Curl%2Cwidth%2Cpublic_metrics&poll.fields=duration_minutes%2Cend_datetime%2Cid%2Coptions%2Cvoting_status&place.fields=contained_within%2Ccountry%2Ccountry_code%2Cfull_name%2Cgeo%2Cid%2Cname%2Cplace_type", "version": "2.12.0", "retrieved_at": "2022-12-21T16:06:01+00:00"}, "matching_rules": [{"id": "1605594753554432002", "tag": "worldcup-related-tweets"}]}][{"attachments": {"media_keys": ["7_1605409227828301824"], "media": [{"duration_ms": 90367, "height": 576, "media_key": "7_1605409227828301824", "preview_image_url": "https://pbs.twimg.com/ext_tw_video_thumb/1605409227828301824/pu/img/8-o92Yum0Amfq79v.jpg", "public_metrics": {"view_count": 295}, "type": "video", "width": 768}]}, "author_id": "21868189", "context_annotations": [{"domain": {"id": "6", "name": "Sports Event"}, "entity": {"id": "1275806388367720450", "name": "2022 FIFA World Cup"}}, {"domain": {"id": "11", "name": "Sport", "description": "Types of sports, like soccer and basketball"}, "entity": {"id": "733756536430809088", "name": "Soccer"}}, {"domain": {"id": "12", "name": "Sports Team", "description": "A sports team organization, like Arsenal and the Boston Celtics"}, "entity": {"id": "731226243169804288", "name": "Morocco"}}, {"domain": {"id": "26", "name": "Sports League", "description": ""}, "entity": {"id": "1275806388367720450", "name": "2022 FIFA World Cup"}}, {"domain": {"id": "26", "name": "Sports League", "description": ""}, "entity": {"id": "1304474187961044993", "name": "FIFA Men's World Cup"}}, {"domain": {"id": "29", "name": "Events [Entity Service]", "description": "Real world events. "}, "entity": {"id": "1275806388367720450", "name": "2022 FIFA World Cup"}}, {"domain": {"id": "40", "name": "Sports Series", "description": "A grouping of sports events or series, for example 2014 pre-season, a tournament, or round"}, "entity": {"id": "1275806388367720450", "name": "2022 FIFA World Cup"}}, {"domain": {"id": "46", "name": "Business Taxonomy", "description": "Categories within Brand Verticals that narrow down the scope of Brands"}, "entity": {"id": "1557696940178935808", "name": "Gaming Business", "description": "Brands, companies, advertisers and every non-person handle with the profit intent related to offline and online games such as gaming consoles, tabletop games, video game publishers"}}, {"domain": {"id": "46", "name": "Business Taxonomy", "description": "Categories within Brand Verticals that narrow down the scope of Brands"}, "entity": {"id": "1557697289971322880", "name": "Sports & Fitness Business", "description": "Brands, companies, advertisers and every non-person handle with the profit intent related to sports nutrition, athletic apparel, sports apps, fitness venues"}}, {"domain": {"id": "131", "name": "Unified Twitter Taxonomy", "description": "A taxonomy of user interests. "}, "entity": {"id": "731226243169804288", "name": "Morocco"}}, {"domain": {"id": "131", "name": "Unified Twitter Taxonomy", "description": "A taxonomy of user interests. "}, "entity": {"id": "733756536430809088", "name": "Soccer"}}, {"domain": {"id": "131", "name": "Unified Twitter Taxonomy", "description": "A taxonomy of user interests. "}, "entity": {"id": "847900493514891265", "name": "Sports", "description": "Sports"}}, {"domain": {"id": "131", "name": "Unified Twitter Taxonomy", "description": "A taxonomy of user interests. "}, "entity": {"id": "1100397500890996736", "name": "Men's national soccer teams", "description": "National Soccer Teams"}}, {"domain": {"id": "131", "name": "Unified Twitter Taxonomy", "description": "A taxonomy of user interests. "}, "entity": {"id": "1286401121641103360", "name": "Sports events"}}, {"domain": {"id": "131", "name": "Unified Twitter Taxonomy", "description": "A taxonomy of user interests. "}, "entity": {"id": "1304474187961044993", "name": "FIFA Men's World Cup"}}, {"domain": {"id": "131", "name": "Unified Twitter Taxonomy", "description": "A taxonomy of user interests. "}, "entity": {"id": "1436053202835689485", "name": "Events"}}], "conversation_id": "1605595417181184000", "created_at": "2022-12-21T16:05:52.000Z", "edit_controls": {"edits_remaining": 5, "is_edit_eligible": false, "editable_until": "2022-12-21T16:35:52.000Z"}, "edit_history_tweet_ids": ["1605595417181184000"], "entities": {"hashtags": [{"start": 60, "end": 68, "tag": "Morocco"}, {"start": 101, "end": 111, "tag": "Qatar2022"}], "mentions": [{"start": 3, "end": 14, "username": "JazzAntics", "id": "21868189", "created_at": "2009-02-25T14:04:34.000Z", "description": "centrist", "location": "Canada", "name": "Jazz", "pinned_tweet_id": "1494359493429317640", "profile_image_url": "https://pbs.twimg.com/profile_images/1091095322154000385/Ws-v-SvG_normal.jpg", "protected": false, "public_metrics": {"followers_count": 2074, "following_count": 1028, "tweet_count": 619, "listed_count": 97}, "verified": false}], "urls": [{"start": 112, "end": 135, "url": "https://t.co/XtirXDQr3Y", "expanded_url": "https://twitter.com/JazzAntics/status/1605409312196763648/video/1", "display_url": "pic.twitter.com/XtirXDQr3Y", "media_key": "7_1605409227828301824"}]}, "geo": {}, "id": "1605595417181184000", "lang": "en", "possibly_sensitive": false, "public_metrics": {"retweet_count": 4, "reply_count": 0, "like_count": 0, "quote_count": 0}, "referenced_tweets": [{"type": "retweeted", "id": "1605409312196763648", "attachments": {"media_keys": ["7_1605409227828301824"], "media": [{"duration_ms": 90367, "height": 576, "media_key": "7_1605409227828301824", "preview_image_url": "https://pbs.twimg.com/ext_tw_video_thumb/1605409227828301824/pu/img/8-o92Yum0Amfq79v.jpg", "public_metrics": {"view_count": 295}, "type": "video", "width": 768}]}, "author_id": "21868189", "context_annotations": [{"domain": {"id": "6", "name": "Sports Event"}, "entity": {"id": "1275806388367720450", "name": "2022 FIFA World Cup"}}, {"domain": {"id": "11", "name": "Sport", "description": "Types of sports, like soccer and basketball"}, "entity": {"id": "733756536430809088", "name": "Soccer"}}, {"domain": {"id": "12", "name": "Sports Team", "description": "A sports team organization, like Arsenal and the Boston Celtics"}, "entity": {"id": "731226243169804288", "name": "Morocco"}}, {"domain": {"id": "26", "name": "Sports League", "description": ""}, "entity": {"id": "1275806388367720450", "name": "2022 FIFA World Cup"}}, {"domain": {"id": "26", "name": "Sports League", "description": ""}, "entity": {"id": "1304474187961044993", "name": "FIFA Men's World Cup"}}, {"domain": {"id": "29", "name": "Events [Entity Service]", "description": "Real world events. "}, "entity": {"id": "1275806388367720450", "name": "2022 FIFA World Cup"}}, {"domain": {"id": "40", "name": "Sports Series", "description": "A grouping of sports events or series, for example 2014 pre-season, a tournament, or round"}, "entity": {"id": "1275806388367720450", "name": "2022 FIFA World Cup"}}, {"domain": {"id": "46", "name": "Business Taxonomy", "description": "Categories within Brand Verticals that narrow down the scope of Brands"}, "entity": {"id": "1557697289971322880", "name": "Sports & Fitness Business", "description": "Brands, companies, advertisers and every non-person handle with the profit intent related to sports nutrition, athletic apparel, sports apps, fitness venues"}}, {"domain": {"id": "131", "name": "Unified Twitter Taxonomy", "description": "A taxonomy of user interests. "}, "entity": {"id": "731226243169804288", "name": "Morocco"}}, {"domain": {"id": "131", "name": "Unified Twitter Taxonomy", "description": "A taxonomy of user interests. "}, "entity": {"id": "733756536430809088", "name": "Soccer"}}, {"domain": {"id": "131", "name": "Unified Twitter Taxonomy", "description": "A taxonomy of user interests. "}, "entity": {"id": "847900493514891265", "name": "Sports", "description": "Sports"}}, {"domain": {"id": "131", "name": "Unified Twitter Taxonomy", "description": "A taxonomy of user interests. "}, "entity": {"id": "1100397500890996736", "name": "Men's national soccer teams", "description": "National Soccer Teams"}}, {"domain": {"id": "131", "name": "Unified Twitter Taxonomy", "description": "A taxonomy of user interests. "}, "entity": {"id": "1286401121641103360", "name": "Sports events"}}, {"domain": {"id": "131", "name": "Unified Twitter Taxonomy", "description": "A taxonomy of user interests. "}, "entity": {"id": "1304474187961044993", "name": "FIFA Men's World Cup"}}, {"domain": {"id": "131", "name": "Unified Twitter Taxonomy", "description": "A taxonomy of user interests. "}, "entity": {"id": "1436053202835689485", "name": "Events"}}], "conversation_id": "1605409312196763648", "created_at": "2022-12-21T03:46:21.000Z", "edit_controls": {"edits_remaining": 5, "is_edit_eligible": true, "editable_until": "2022-12-21T04:16:21.000Z"}, "edit_history_tweet_ids": ["1605409312196763648"], "entities": {"annotations": [{"start": 14, "end": 18, "probability": 0.9029, "type": "Place", "normalized_text": "Rabat"}, {"start": 45, "end": 51, "probability": 0.9546, "type": "Place", "normalized_text": "Morocco"}, {"start": 86, "end": 94, "probability": 0.448, "type": "Place", "normalized_text": "Qatar2022"}], "hashtags": [{"start": 44, "end": 52, "tag": "Morocco"}, {"start": 85, "end": 95, "tag": "Qatar2022"}], "urls": [{"start": 96, "end": 119, "url": "https://t.co/XtirXDQr3Y", "expanded_url": "https://twitter.com/JazzAntics/status/1605409312196763648/video/1", "display_url": "pic.twitter.com/XtirXDQr3Y", "media_key": "7_1605409227828301824"}]}, "geo": {}, "lang": "en", "possibly_sensitive": false, "public_metrics": {"retweet_count": 4, "reply_count": 0, "like_count": 6, "quote_count": 1}, "reply_settings": "everyone", "text": "The parade in Rabat today in celebration of #Morocco national team appearance at the #Qatar2022 https://t.co/XtirXDQr3Y", "author": {"created_at": "2009-02-25T14:04:34.000Z", "description": "centrist", "id": "21868189", "location": "Canada", "name": "Jazz", "pinned_tweet_id": "1494359493429317640", "profile_image_url": "https://pbs.twimg.com/profile_images/1091095322154000385/Ws-v-SvG_normal.jpg", "protected": false, "public_metrics": {"followers_count": 2074, "following_count": 1028, "tweet_count": 619, "listed_count": 97}, "username": "JazzAntics", "verified": false}}], "reply_settings": "everyone", "text": "RT @JazzAntics: The parade in Rabat today in celebration of #Morocco national team appearance at the #Qatar2022 https://t.co/XtirXDQr3Y", "author": {"created_at": "2009-02-25T14:04:34.000Z", "description": "centrist", "id": "21868189", "location": "Canada", "name": "Jazz", "pinned_tweet_id": "1494359493429317640", "profile_image_url": "https://pbs.twimg.com/profile_images/1091095322154000385/Ws-v-SvG_normal.jpg", "protected": false, "public_metrics": {"followers_count": 2074, "following_count": 1028, "tweet_count": 619, "listed_count": 97}, "username": "JazzAntics", "verified": false}, "__twarc": {"url": "https://api.twitter.com/2/tweets/search/stream?expansions=author_id%2Cin_reply_to_user_id%2Creferenced_tweets.id%2Creferenced_tweets.id.author_id%2Centities.mentions.username%2Cattachments.poll_ids%2Cattachments.media_keys%2Cgeo.place_id%2Cedit_history_tweet_ids&tweet.fields=attachments%2Cauthor_id%2Ccontext_annotations%2Cconversation_id%2Ccreated_at%2Centities%2Cgeo%2Cid%2Cin_reply_to_user_id%2Clang%2Cpublic_metrics%2Ctext%2Cpossibly_sensitive%2Creferenced_tweets%2Creply_settings%2Csource%2Cwithheld%2Cedit_controls&user.fields=created_at%2Cdescription%2Centities%2Cid%2Clocation%2Cname%2Cpinned_tweet_id%2Cprofile_image_url%2Cprotected%2Cpublic_metrics%2Curl%2Cusername%2Cverified%2Cwithheld&media.fields=alt_text%2Cduration_ms%2Cheight%2Cmedia_key%2Cpreview_image_url%2Ctype%2Curl%2Cwidth%2Cpublic_metrics&poll.fields=duration_minutes%2Cend_datetime%2Cid%2Coptions%2Cvoting_status&place.fields=contained_within%2Ccountry%2Ccountry_code%2Cfull_name%2Cgeo%2Cid%2Cname%2Cplace_type", "version": "2.12.0", "retrieved_at": "2022-12-21T16:06:01+00:00"}, "matching_rules": [{"id": "1605594753554432001", "tag": "worldcup-related-tweets"}]}][{"attachments": {}, "author_id": "1458414202717016065", "context_annotations": [{"domain": {"id": "6", "name": "Sports Event"}, "entity": {"id": "1275806388367720450", "name": "2022 FIFA World Cup"}}, {"domain": {"id": "11", "name": "Sport", "description": "Types of sports, like soccer and basketball"}, "entity": {"id": "897814293395103744", "name": "Cricket"}}, {"domain": {"id": "12", "name": "Sports Team", "description": "A sports team organization, like Arsenal and the Boston Celtics"}, "entity": {"id": "897814234498686976", "name": "Pakistan"}}, {"domain": {"id": "12", "name": "Sports Team", "description": "A sports team organization, like Arsenal and the Boston Celtics"}, "entity": {"id": "897814278568161280", "name": "India"}}, {"domain": {"id": "26", "name": "Sports League", "description": ""}, "entity": {"id": "1275806388367720450", "name": "2022 FIFA World Cup"}}, {"domain": {"id": "26", "name": "Sports League", "description": ""}, "entity": {"id": "1304474187961044993", "name": "FIFA Men's World Cup"}}, {"domain": {"id": "29", "name": "Events [Entity Service]", "description": "Real world events. "}, "entity": {"id": "1275806388367720450", "name": "2022 FIFA World Cup"}}, {"domain": {"id": "40", "name": "Sports Series", "description": "A grouping of sports events or series, for example 2014 pre-season, a tournament, or round"}, "entity": {"id": "1275806388367720450", "name": "2022 FIFA World Cup"}}, {"domain": {"id": "46", "name": "Business Taxonomy", "description": "Categories within Brand Verticals that narrow down the scope of Brands"}, "entity": {"id": "1557697289971322880", "name": "Sports & Fitness Business", "description": "Brands, companies, advertisers and every non-person handle with the profit intent related to sports nutrition, athletic apparel, sports apps, fitness venues"}}, {"domain": {"id": "131", "name": "Unified Twitter Taxonomy", "description": "A taxonomy of user interests. "}, "entity": {"id": "733756536430809088", "name": "Soccer"}}, {"domain": {"id": "131", "name": "Unified Twitter Taxonomy", "description": "A taxonomy of user interests. "}, "entity": {"id": "847900493514891265", "name": "Sports", "description": "Sports"}}, {"domain": {"id": "131", "name": "Unified Twitter Taxonomy", "description": "A taxonomy of user interests. "}, "entity": {"id": "897814234498686976", "name": "Pakistan"}}, {"domain": {"id": "131", "name": "Unified Twitter Taxonomy", "description": "A taxonomy of user interests. "}, "entity": {"id": "897814278568161280", "name": "India"}}, {"domain": {"id": "131", "name": "Unified Twitter Taxonomy", "description": "A taxonomy of user interests. "}, "entity": {"id": "897814293395103744", "name": "Cricket"}}, {"domain": {"id": "131", "name": "Unified Twitter Taxonomy", "description": "A taxonomy of user interests. "}, "entity": {"id": "1286401121641103360", "name": "Sports events"}}, {"domain": {"id": "131", "name": "Unified Twitter Taxonomy", "description": "A taxonomy of user interests. "}, "entity": {"id": "1304474187961044993", "name": "FIFA Men's World Cup"}}, {"domain": {"id": "131", "name": "Unified Twitter Taxonomy", "description": "A taxonomy of user interests. "}, "entity": {"id": "1305489951593644033", "name": "Men's national cricket teams"}}, {"domain": {"id": "131", "name": "Unified Twitter Taxonomy", "description": "A taxonomy of user interests. "}, "entity": {"id": "1436053202835689485", "name": "Events"}}, {"domain": {"id": "131", "name": "Unified Twitter Taxonomy", "description": "A taxonomy of user interests. "}, "entity": {"id": "1478768361928474624", "name": "International Cricket Council"}}], "conversation_id": "1605595417424457728", "created_at": "2022-12-21T16:05:52.000Z", "edit_controls": {"edits_remaining": 5, "is_edit_eligible": true, "editable_until": "2022-12-21T16:35:52.000Z"}, "edit_history_tweet_ids": ["1605595417424457728"], "entities": {"urls": [{"start": 64, "end": 87, "url": "https://t.co/9wzsIwwsS6", "expanded_url": "https://twitter.com/mufaddal_vohra/status/1605592667404083200", "display_url": "twitter.com/mufaddal_vohra\u2026"}]}, "geo": {}, "id": "1605595417424457728", "lang": "in", "possibly_sensitive": false, "public_metrics": {"retweet_count": 0, "reply_count": 0, "like_count": 0, "quote_count": 0}, "referenced_tweets": [{"type": "quoted", "id": "1605592667404083200", "attachments": {}, "author_id": "3133996860", "context_annotations": [{"domain": {"id": "6", "name": "Sports Event"}, "entity": {"id": "1275806388367720450", "name": "2022 FIFA World Cup"}}, {"domain": {"id": "11", "name": "Sport", "description": "Types of sports, like soccer and basketball"}, "entity": {"id": "897814293395103744", "name": "Cricket"}}, {"domain": {"id": "12", "name": "Sports Team", "description": "A sports team organization, like Arsenal and the Boston Celtics"}, "entity": {"id": "897814234498686976", "name": "Pakistan"}}, {"domain": {"id": "12", "name": "Sports Team", "description": "A sports team organization, like Arsenal and the Boston Celtics"}, "entity": {"id": "897814278568161280", "name": "India"}}, {"domain": {"id": "26", "name": "Sports League", "description": ""}, "entity": {"id": "1275806388367720450", "name": "2022 FIFA World Cup"}}, {"domain": {"id": "26", "name": "Sports League", "description": ""}, "entity": {"id": "1304474187961044993", "name": "FIFA Men's World Cup"}}, {"domain": {"id": "29", "name": "Events [Entity Service]", "description": "Real world events. "}, "entity": {"id": "1275806388367720450", "name": "2022 FIFA World Cup"}}, {"domain": {"id": "40", "name": "Sports Series", "description": "A grouping of sports events or series, for example 2014 pre-season, a tournament, or round"}, "entity": {"id": "1275806388367720450", "name": "2022 FIFA World Cup"}}, {"domain": {"id": "46", "name": "Business Taxonomy", "description": "Categories within Brand Verticals that narrow down the scope of Brands"}, "entity": {"id": "1557697289971322880", "name": "Sports & Fitness Business", "description": "Brands, companies, advertisers and every non-person handle with the profit intent related to sports nutrition, athletic apparel, sports apps, fitness venues"}}, {"domain": {"id": "131", "name": "Unified Twitter Taxonomy", "description": "A taxonomy of user interests. "}, "entity": {"id": "733756536430809088", "name": "Soccer"}}, {"domain": {"id": "131", "name": "Unified Twitter Taxonomy", "description": "A taxonomy of user interests. "}, "entity": {"id": "847900493514891265", "name": "Sports", "description": "Sports"}}, {"domain": {"id": "131", "name": "Unified Twitter Taxonomy", "description": "A taxonomy of user interests. "}, "entity": {"id": "897814234498686976", "name": "Pakistan"}}, {"domain": {"id": "131", "name": "Unified Twitter Taxonomy", "description": "A taxonomy of user interests. "}, "entity": {"id": "897814278568161280", "name": "India"}}, {"domain": {"id": "131", "name": "Unified Twitter Taxonomy", "description": "A taxonomy of user interests. "}, "entity": {"id": "897814293395103744", "name": "Cricket"}}, {"domain": {"id": "131", "name": "Unified Twitter Taxonomy", "description": "A taxonomy of user interests. "}, "entity": {"id": "1286401121641103360", "name": "Sports events"}}, {"domain": {"id": "131", "name": "Unified Twitter Taxonomy", "description": "A taxonomy of user interests. "}, "entity": {"id": "1304474187961044993", "name": "FIFA Men's World Cup"}}, {"domain": {"id": "131", "name": "Unified Twitter Taxonomy", "description": "A taxonomy of user interests. "}, "entity": {"id": "1305489951593644033", "name": "Men's national cricket teams"}}, {"domain": {"id": "131", "name": "Unified Twitter Taxonomy", "description": "A taxonomy of user interests. "}, "entity": {"id": "1436053202835689485", "name": "Events"}}, {"domain": {"id": "131", "name": "Unified Twitter Taxonomy", "description": "A taxonomy of user interests. "}, "entity": {"id": "1478768361928474624", "name": "International Cricket Council"}}], "conversation_id": "1605592667404083200", "created_at": "2022-12-21T15:54:57.000Z", "edit_controls": {"edits_remaining": 5, "is_edit_eligible": true, "editable_until": "2022-12-21T16:24:57.000Z"}, "edit_history_tweet_ids": ["1605592667404083200"], "entities": {"annotations": [{"start": 0, "end": 9, "probability": 0.969, "type": "Person", "normalized_text": "Ramiz Raja"}, {"start": 20, "end": 22, "probability": 0.9371, "type": "Organization", "normalized_text": "ICC"}, {"start": 29, "end": 36, "probability": 0.9561, "type": "Place", "normalized_text": "Pakistan"}, {"start": 71, "end": 83, "probability": 0.6481, "type": "Organization", "normalized_text": "ODI World Cup"}, {"start": 88, "end": 92, "probability": 0.942, "type": "Place", "normalized_text": "India"}, {"start": 108, "end": 110, "probability": 0.9014, "type": "Organization", "normalized_text": "PTI"}]}, "geo": {}, "lang": "en", "possibly_sensitive": false, "public_metrics": {"retweet_count": 72, "reply_count": 144, "like_count": 1493, "quote_count": 34}, "reply_settings": "everyone", "text": "Ramiz Raja has told ICC that Pakistan has no plans to boycott the 2023 ODI World Cup in India. (Reported by PTI).", "author": {"created_at": "2015-04-03T03:40:50.000Z", "description": "\ud83c\uddee\ud83c\uddf3 | @henrygayle, @imVkohli, @ABdeVilliers17, @DaleSteyn62 & @msdhoni | Cricket.", "entities": {"url": {"urls": [{"start": 0, "end": 23, "url": "https://t.co/E61uXAP30f", "expanded_url": "https://instagram.com/mufastweet", "display_url": "instagram.com/mufastweet"}]}, "description": {"mentions": [{"start": 5, "end": 16, "username": "henrygayle"}, {"start": 18, "end": 27, "username": "imVkohli"}, {"start": 29, "end": 44, "username": "ABdeVilliers17"}, {"start": 46, "end": 58, "username": "DaleSteyn62"}, {"start": 61, "end": 69, "username": "msdhoni"}]}}, "id": "3133996860", "name": "Mufaddal Vohra", "profile_image_url": "https://pbs.twimg.com/profile_images/1564799567434252288/y-JUJVQf_normal.jpg", "protected": false, "public_metrics": {"followers_count": 392730, "following_count": 428, "tweet_count": 140551, "listed_count": 507}, "url": "https://t.co/E61uXAP30f", "username": "mufaddal_vohra", "verified": false}}], "reply_settings": "everyone", "text": "Jitna rang meri ex ne nhi badla, utna to Ramiz Chachu badal rhe https://t.co/9wzsIwwsS6", "author": {"created_at": "2021-11-10T12:40:24.000Z", "description": "BHARAT\ud83c\uddee\ud83c\uddf3|| Astrophysics || Cricket  || Geopolitics || Tech \n\nIIEST '26", "id": "1458414202717016065", "name": "Nikhil", "pinned_tweet_id": "1544862475031814146", "profile_image_url": "https://pbs.twimg.com/profile_images/1554286868287524866/CM78geku_normal.jpg", "protected": false, "public_metrics": {"followers_count": 72, "following_count": 130, "tweet_count": 3281, "listed_count": 0}, "username": "Nikhil_cric18", "verified": false}, "__twarc": {"url": "https://api.twitter.com/2/tweets/search/stream?expansions=author_id%2Cin_reply_to_user_id%2Creferenced_tweets.id%2Creferenced_tweets.id.author_id%2Centities.mentions.username%2Cattachments.poll_ids%2Cattachments.media_keys%2Cgeo.place_id%2Cedit_history_tweet_ids&tweet.fields=attachments%2Cauthor_id%2Ccontext_annotations%2Cconversation_id%2Ccreated_at%2Centities%2Cgeo%2Cid%2Cin_reply_to_user_id%2Clang%2Cpublic_metrics%2Ctext%2Cpossibly_sensitive%2Creferenced_tweets%2Creply_settings%2Csource%2Cwithheld%2Cedit_controls&user.fields=created_at%2Cdescription%2Centities%2Cid%2Clocation%2Cname%2Cpinned_tweet_id%2Cprofile_image_url%2Cprotected%2Cpublic_metrics%2Curl%2Cusername%2Cverified%2Cwithheld&media.fields=alt_text%2Cduration_ms%2Cheight%2Cmedia_key%2Cpreview_image_url%2Ctype%2Curl%2Cwidth%2Cpublic_metrics&poll.fields=duration_minutes%2Cend_datetime%2Cid%2Coptions%2Cvoting_status&place.fields=contained_within%2Ccountry%2Ccountry_code%2Cfull_name%2Cgeo%2Cid%2Cname%2Cplace_type", "version": "2.12.0", "retrieved_at": "2022-12-21T16:06:01+00:00"}, "matching_rules": [{"id": "1605594753554432002", "tag": "worldcup-related-tweets"}]}][{"attachments": {}, "author_id": "270378482", "context_annotations": [{"domain": {"id": "6", "name": "Sports Event"}, "entity": {"id": "1275806388367720450", "name": "2022 FIFA World Cup"}}, {"domain": {"id": "10", "name": "Person", "description": "Named people in the world like Nelson Mandela"}, "entity": {"id": "733774119699779584", "name": "Kylian Mbappe"}}, {"domain": {"id": "11", "name": "Sport", "description": "Types of sports, like soccer and basketball"}, "entity": {"id": "733756536430809088", "name": "Soccer"}}, {"domain": {"id": "12", "name": "Sports Team", "description": "A sports team organization, like Arsenal and the Boston Celtics"}, "entity": {"id": "731226231832633344", "name": "France"}}, {"domain": {"id": "26", "name": "Sports League", "description": ""}, "entity": {"id": "1275806388367720450", "name": "2022 FIFA World Cup"}}, {"domain": {"id": "26", "name": "Sports League", "description": ""}, "entity": {"id": "1304474187961044993", "name": "FIFA Men's World Cup"}}, {"domain": {"id": "29", "name": "Events [Entity Service]", "description": "Real world events. "}, "entity": {"id": "1275806388367720450", "name": "2022 FIFA World Cup"}}, {"domain": {"id": "40", "name": "Sports Series", "description": "A grouping of sports events or series, for example 2014 pre-season, a tournament, or round"}, "entity": {"id": "1275806388367720450", "name": "2022 FIFA World Cup"}}, {"domain": {"id": "46", "name": "Business Taxonomy", "description": "Categories within Brand Verticals that narrow down the scope of Brands"}, "entity": {"id": "1557697289971322880", "name": "Sports & Fitness Business", "description": "Brands, companies, advertisers and every non-person handle with the profit intent related to sports nutrition, athletic apparel, sports apps, fitness venues"}}, {"domain": {"id": "60", "name": "Athlete", "description": "An athlete in the world, like Serena Williams or Lionel Messi"}, "entity": {"id": "733774119699779584", "name": "Kylian Mbappe"}}, {"domain": {"id": "131", "name": "Unified Twitter Taxonomy", "description": "A taxonomy of user interests. "}, "entity": {"id": "731226231832633344", "name": "France"}}, {"domain": {"id": "131", "name": "Unified Twitter Taxonomy", "description": "A taxonomy of user interests. "}, "entity": {"id": "733756536430809088", "name": "Soccer"}}, {"domain": {"id": "131", "name": "Unified Twitter Taxonomy", "description": "A taxonomy of user interests. "}, "entity": {"id": "847900493514891265", "name": "Sports", "description": "Sports"}}, {"domain": {"id": "131", "name": "Unified Twitter Taxonomy", "description": "A taxonomy of user interests. "}, "entity": {"id": "1100397500890996736", "name": "Men's national soccer teams", "description": "National Soccer Teams"}}, {"domain": {"id": "131", "name": "Unified Twitter Taxonomy", "description": "A taxonomy of user interests. "}, "entity": {"id": "1286401121641103360", "name": "Sports events"}}, {"domain": {"id": "131", "name": "Unified Twitter Taxonomy", "description": "A taxonomy of user interests. "}, "entity": {"id": "1304474187961044993", "name": "FIFA Men's World Cup"}}, {"domain": {"id": "131", "name": "Unified Twitter Taxonomy", "description": "A taxonomy of user interests. "}, "entity": {"id": "1436053202835689485", "name": "Events"}}, {"domain": {"id": "10", "name": "Person", "description": "Named people in the world like Nelson Mandela"}, "entity": {"id": "733774119699779584", "name": "Kylian Mbappe"}}, {"domain": {"id": "11", "name": "Sport", "description": "Types of sports, like soccer and basketball"}, "entity": {"id": "733756536430809088", "name": "Soccer"}}, {"domain": {"id": "60", "name": "Athlete", "description": "An athlete in the world, like Serena Williams or Lionel Messi"}, "entity": {"id": "733774119699779584", "name": "Kylian Mbappe"}}, {"domain": {"id": "131", "name": "Unified Twitter Taxonomy", "description": "A taxonomy of user interests. "}, "entity": {"id": "733756536430809088", "name": "Soccer"}}, {"domain": {"id": "131", "name": "Unified Twitter Taxonomy", "description": "A taxonomy of user interests. "}, "entity": {"id": "733774119699779584", "name": "Kylian Mbappe"}}, {"domain": {"id": "131", "name": "Unified Twitter Taxonomy", "description": "A taxonomy of user interests. "}, "entity": {"id": "847900493514891265", "name": "Sports", "description": "Sports"}}], "conversation_id": "1605595417739042817", "created_at": "2022-12-21T16:05:52.000Z", "edit_controls": {"edits_remaining": 5, "is_edit_eligible": false, "editable_until": "2022-12-21T16:35:52.000Z"}, "edit_history_tweet_ids": ["1605595417739042817"], "entities": {"annotations": [{"start": 17, "end": 22, "probability": 0.8274, "type": "Person", "normalized_text": "Mbappe"}, {"start": 47, "end": 58, "probability": 0.4186, "type": "Organization", "normalized_text": "Argentinians"}, {"start": 98, "end": 106, "probability": 0.8605, "type": "Organization", "normalized_text": "World Cup"}], "mentions": [{"start": 3, "end": 11, "username": "JazR_13", "id": "1338190781279064064", "created_at": "2020-12-13T18:35:31.000Z", "description": "The king is back.", "location": "Birmingham, England", "name": "Jaz", "pinned_tweet_id": "1384600296924528641", "profile_image_url": "https://pbs.twimg.com/profile_images/1379132952047714314/V5Wgohlh_normal.jpg", "protected": false, "public_metrics": {"followers_count": 83, "following_count": 158, "tweet_count": 3690, "listed_count": 0}, "verified": false}]}, "geo": {}, "id": "1605595417739042817", "lang": "en", "possibly_sensitive": false, "public_metrics": {"retweet_count": 1, "reply_count": 0, "like_count": 0, "quote_count": 0}, "referenced_tweets": [{"type": "retweeted", "id": "1605317397413777409", "attachments": {}, "author_id": "1338190781279064064", "context_annotations": [{"domain": {"id": "6", "name": "Sports Event"}, "entity": {"id": "1275806388367720450", "name": "2022 FIFA World Cup"}}, {"domain": {"id": "10", "name": "Person", "description": "Named people in the world like Nelson Mandela"}, "entity": {"id": "733774119699779584", "name": "Kylian Mbappe"}}, {"domain": {"id": "11", "name": "Sport", "description": "Types of sports, like soccer and basketball"}, "entity": {"id": "733756536430809088", "name": "Soccer"}}, {"domain": {"id": "12", "name": "Sports Team", "description": "A sports team organization, like Arsenal and the Boston Celtics"}, "entity": {"id": "731226231832633344", "name": "France"}}, {"domain": {"id": "26", "name": "Sports League", "description": ""}, "entity": {"id": "1275806388367720450", "name": "2022 FIFA World Cup"}}, {"domain": {"id": "26", "name": "Sports League", "description": ""}, "entity": {"id": "1304474187961044993", "name": "FIFA Men's World Cup"}}, {"domain": {"id": "29", "name": "Events [Entity Service]", "description": "Real world events. "}, "entity": {"id": "1275806388367720450", "name": "2022 FIFA World Cup"}}, {"domain": {"id": "40", "name": "Sports Series", "description": "A grouping of sports events or series, for example 2014 pre-season, a tournament, or round"}, "entity": {"id": "1275806388367720450", "name": "2022 FIFA World Cup"}}, {"domain": {"id": "46", "name": "Business Taxonomy", "description": "Categories within Brand Verticals that narrow down the scope of Brands"}, "entity": {"id": "1557697289971322880", "name": "Sports & Fitness Business", "description": "Brands, companies, advertisers and every non-person handle with the profit intent related to sports nutrition, athletic apparel, sports apps, fitness venues"}}, {"domain": {"id": "60", "name": "Athlete", "description": "An athlete in the world, like Serena Williams or Lionel Messi"}, "entity": {"id": "733774119699779584", "name": "Kylian Mbappe"}}, {"domain": {"id": "131", "name": "Unified Twitter Taxonomy", "description": "A taxonomy of user interests. "}, "entity": {"id": "731226231832633344", "name": "France"}}, {"domain": {"id": "131", "name": "Unified Twitter Taxonomy", "description": "A taxonomy of user interests. "}, "entity": {"id": "733756536430809088", "name": "Soccer"}}, {"domain": {"id": "131", "name": "Unified Twitter Taxonomy", "description": "A taxonomy of user interests. "}, "entity": {"id": "847900493514891265", "name": "Sports", "description": "Sports"}}, {"domain": {"id": "131", "name": "Unified Twitter Taxonomy", "description": "A taxonomy of user interests. "}, "entity": {"id": "1100397500890996736", "name": "Men's national soccer teams", "description": "National Soccer Teams"}}, {"domain": {"id": "131", "name": "Unified Twitter Taxonomy", "description": "A taxonomy of user interests. "}, "entity": {"id": "1286401121641103360", "name": "Sports events"}}, {"domain": {"id": "131", "name": "Unified Twitter Taxonomy", "description": "A taxonomy of user interests. "}, "entity": {"id": "1304474187961044993", "name": "FIFA Men's World Cup"}}, {"domain": {"id": "131", "name": "Unified Twitter Taxonomy", "description": "A taxonomy of user interests. "}, "entity": {"id": "1436053202835689485", "name": "Events"}}, {"domain": {"id": "10", "name": "Person", "description": "Named people in the world like Nelson Mandela"}, "entity": {"id": "733774119699779584", "name": "Kylian Mbappe"}}, {"domain": {"id": "11", "name": "Sport", "description": "Types of sports, like soccer and basketball"}, "entity": {"id": "733756536430809088", "name": "Soccer"}}, {"domain": {"id": "60", "name": "Athlete", "description": "An athlete in the world, like Serena Williams or Lionel Messi"}, "entity": {"id": "733774119699779584", "name": "Kylian Mbappe"}}, {"domain": {"id": "131", "name": "Unified Twitter Taxonomy", "description": "A taxonomy of user interests. "}, "entity": {"id": "733756536430809088", "name": "Soccer"}}, {"domain": {"id": "131", "name": "Unified Twitter Taxonomy", "description": "A taxonomy of user interests. "}, "entity": {"id": "733774119699779584", "name": "Kylian Mbappe"}}, {"domain": {"id": "131", "name": "Unified Twitter Taxonomy", "description": "A taxonomy of user interests. "}, "entity": {"id": "847900493514891265", "name": "Sports", "description": "Sports"}}], "conversation_id": "1605317397413777409", "created_at": "2022-12-20T21:41:07.000Z", "edit_controls": {"edits_remaining": 5, "is_edit_eligible": true, "editable_until": "2022-12-20T22:11:07.000Z"}, "edit_history_tweet_ids": ["1605317397413777409"], "entities": {}, "geo": {}, "lang": "en", "possibly_sensitive": false, "public_metrics": {"retweet_count": 1, "reply_count": 0, "like_count": 2, "quote_count": 0}, "reply_settings": "everyone", "text": "The Mbappe hate is weird from the Argentinians. Even if he wound you up, you won the World Cup. Why is man living rent free in your head?", "author": {"created_at": "2020-12-13T18:35:31.000Z", "description": "The king is back.", "id": "1338190781279064064", "location": "Birmingham, England", "name": "Jaz", "pinned_tweet_id": "1384600296924528641", "profile_image_url": "https://pbs.twimg.com/profile_images/1379132952047714314/V5Wgohlh_normal.jpg", "protected": false, "public_metrics": {"followers_count": 83, "following_count": 158, "tweet_count": 3690, "listed_count": 0}, "username": "JazR_13", "verified": false}}], "reply_settings": "everyone", "text": "RT @JazR_13: The Mbappe hate is weird from the Argentinians. Even if he wound you up, you won the World Cup. Why is man living rent free in\u2026", "author": {"created_at": "2011-03-22T14:18:59.000Z", "description": "Ma vie a \u00e9t\u00e9 remplie de drames horribles dont la plupart ne sont jamais produits.", "id": "270378482", "location": "Lyon, France", "name": "JR\u2019 \ud83c\uddeb\ud83c\uddf7", "profile_image_url": "https://pbs.twimg.com/profile_images/1562111940612292608/NvGDM9wJ_normal.jpg", "protected": false, "public_metrics": {"followers_count": 775, "following_count": 665, "tweet_count": 42212, "listed_count": 0}, "username": "JRKink_", "verified": false}, "__twarc": {"url": "https://api.twitter.com/2/tweets/search/stream?expansions=author_id%2Cin_reply_to_user_id%2Creferenced_tweets.id%2Creferenced_tweets.id.author_id%2Centities.mentions.username%2Cattachments.poll_ids%2Cattachments.media_keys%2Cgeo.place_id%2Cedit_history_tweet_ids&tweet.fields=attachments%2Cauthor_id%2Ccontext_annotations%2Cconversation_id%2Ccreated_at%2Centities%2Cgeo%2Cid%2Cin_reply_to_user_id%2Clang%2Cpublic_metrics%2Ctext%2Cpossibly_sensitive%2Creferenced_tweets%2Creply_settings%2Csource%2Cwithheld%2Cedit_controls&user.fields=created_at%2Cdescription%2Centities%2Cid%2Clocation%2Cname%2Cpinned_tweet_id%2Cprofile_image_url%2Cprotected%2Cpublic_metrics%2Curl%2Cusername%2Cverified%2Cwithheld&media.fields=alt_text%2Cduration_ms%2Cheight%2Cmedia_key%2Cpreview_image_url%2Ctype%2Curl%2Cwidth%2Cpublic_metrics&poll.fields=duration_minutes%2Cend_datetime%2Cid%2Coptions%2Cvoting_status&place.fields=contained_within%2Ccountry%2Ccountry_code%2Cfull_name%2Cgeo%2Cid%2Cname%2Cplace_type", "version": "2.12.0", "retrieved_at": "2022-12-21T16:06:01+00:00"}, "matching_rules": [{"id": "1605594753554432002", "tag": "worldcup-related-tweets"}]}]