[{"attachments": {}, "author_id": "1600026949686071297", "context_annotations": [{"domain": {"id": "6", "name": "Sports Event"}, "entity": {"id": "1275806388367720450", "name": "2022 FIFA World Cup"}}, {"domain": {"id": "10", "name": "Person", "description": "Named people in the world like Nelson Mandela"}, "entity": {"id": "827325580764815361", "name": "Erling Haaland"}}, {"domain": {"id": "26", "name": "Sports League", "description": ""}, "entity": {"id": "1275806388367720450", "name": "2022 FIFA World Cup"}}, {"domain": {"id": "26", "name": "Sports League", "description": ""}, "entity": {"id": "1304474187961044993", "name": "FIFA Men's World Cup"}}, {"domain": {"id": "29", "name": "Events [Entity Service]", "description": "Real world events. "}, "entity": {"id": "1275806388367720450", "name": "2022 FIFA World Cup"}}, {"domain": {"id": "40", "name": "Sports Series", "description": "A grouping of sports events or series, for example 2014 pre-season, a tournament, or round"}, "entity": {"id": "1275806388367720450", "name": "2022 FIFA World Cup"}}, {"domain": {"id": "46", "name": "Business Taxonomy", "description": "Categories within Brand Verticals that narrow down the scope of Brands"}, "entity": {"id": "1557697289971322880", "name": "Sports & Fitness Business", "description": "Brands, companies, advertisers and every non-person handle with the profit intent related to sports nutrition, athletic apparel, sports apps, fitness venues"}}, {"domain": {"id": "60", "name": "Athlete", "description": "An athlete in the world, like Serena Williams or Lionel Messi"}, "entity": {"id": "827325580764815361", "name": "Erling Haaland"}}, {"domain": {"id": "131", "name": "Unified Twitter Taxonomy", "description": "A taxonomy of user interests. "}, "entity": {"id": "733756536430809088", "name": "Soccer"}}, {"domain": {"id": "131", "name": "Unified Twitter Taxonomy", "description": "A taxonomy of user interests. "}, "entity": {"id": "827325580764815361", "name": "Erling Haaland"}}, {"domain": {"id": "131", "name": "Unified Twitter Taxonomy", "description": "A taxonomy of user interests. "}, "entity": {"id": "847900493514891265", "name": "Sports", "description": "Sports"}}, {"domain": {"id": "131", "name": "Unified Twitter Taxonomy", "description": "A taxonomy of user interests. "}, "entity": {"id": "1286401121641103360", "name": "Sports events"}}, {"domain": {"id": "131", "name": "Unified Twitter Taxonomy", "description": "A taxonomy of user interests. "}, "entity": {"id": "1304474187961044993", "name": "FIFA Men's World Cup"}}, {"domain": {"id": "131", "name": "Unified Twitter Taxonomy", "description": "A taxonomy of user interests. "}, "entity": {"id": "1436053202835689485", "name": "Events"}}], "conversation_id": "1606031815411523585", "created_at": "2022-12-22T20:59:58.000Z", "edit_controls": {"edits_remaining": 5, "is_edit_eligible": true, "editable_until": "2022-12-22T21:29:58.000Z"}, "edit_history_tweet_ids": ["1606031815411523585"], "entities": {}, "geo": {}, "id": "1606031815411523585", "lang": "en", "possibly_sensitive": false, "public_metrics": {"retweet_count": 0, "reply_count": 0, "like_count": 0, "quote_count": 0}, "reply_settings": "everyone", "text": "First game after world cup break\nFirst chance \nFirst shot, bang!\nErling Haaland is back again!", "author": {"created_at": "2022-12-06T07:19:20.000Z", "description": "| God\u2764\ufe0f | Family | Open to new ideas and diverse views | Manchester United stan\u2764\ufe0f", "id": "1600026949686071297", "name": "Gerhart_\ud83d\udc51", "profile_image_url": "https://pbs.twimg.com/profile_images/1605149219257548801/GQrERMmY_normal.jpg", "protected": false, "public_metrics": {"followers_count": 86, "following_count": 48, "tweet_count": 171, "listed_count": 0}, "username": "bibinii_y3_nipa", "verified": false}, "__twarc": {"url": "https://api.twitter.com/2/tweets/search/stream?expansions=author_id%2Cin_reply_to_user_id%2Creferenced_tweets.id%2Creferenced_tweets.id.author_id%2Centities.mentions.username%2Cattachments.poll_ids%2Cattachments.media_keys%2Cgeo.place_id%2Cedit_history_tweet_ids&tweet.fields=attachments%2Cauthor_id%2Ccontext_annotations%2Cconversation_id%2Ccreated_at%2Centities%2Cgeo%2Cid%2Cin_reply_to_user_id%2Clang%2Cpublic_metrics%2Ctext%2Cpossibly_sensitive%2Creferenced_tweets%2Creply_settings%2Csource%2Cwithheld%2Cedit_controls&user.fields=created_at%2Cdescription%2Centities%2Cid%2Clocation%2Cname%2Cpinned_tweet_id%2Cprofile_image_url%2Cprotected%2Cpublic_metrics%2Curl%2Cusername%2Cverified%2Cwithheld&media.fields=alt_text%2Cduration_ms%2Cheight%2Cmedia_key%2Cpreview_image_url%2Ctype%2Curl%2Cwidth%2Cpublic_metrics&poll.fields=duration_minutes%2Cend_datetime%2Cid%2Coptions%2Cvoting_status&place.fields=contained_within%2Ccountry%2Ccountry_code%2Cfull_name%2Cgeo%2Cid%2Cname%2Cplace_type", "version": "2.12.0", "retrieved_at": "2022-12-22T21:00:06+00:00"}, "matching_rules": [{"id": "1606030432407269376", "tag": "worldcup-related-tweets"}]}, {"attachments": {}, "author_id": "627558615", "context_annotations": [{"domain": {"id": "3", "name": "TV Shows", "description": "Television shows from around the world"}, "entity": {"id": "10032948625", "name": "L'\u00c9quipe du soir", "description": "Le magazine d\u00e9cortique et commente l'actualit\u00e9 du football et du sport. \u00c0 la baguette comme chaque soir, Olivier M\u00e9nard est entour\u00e9 de consultants, sportifs et journalistes pour d\u00e9battre des principaux th\u00e8mes sportifs."}}, {"domain": {"id": "46", "name": "Business Taxonomy", "description": "Categories within Brand Verticals that narrow down the scope of Brands"}, "entity": {"id": "1557697289971322880", "name": "Sports & Fitness Business", "description": "Brands, companies, advertisers and every non-person handle with the profit intent related to sports nutrition, athletic apparel, sports apps, fitness venues"}}], "conversation_id": "1606002449705275393", "created_at": "2022-12-22T21:27:06.000Z", "edit_controls": {"edits_remaining": 5, "is_edit_eligible": false, "editable_until": "2022-12-22T21:57:06.000Z"}, "edit_history_tweet_ids": ["1606038644745281537"], "entities": {"mentions": [{"start": 0, "end": 14, "username": "lequipedusoir", "id": "276022853", "created_at": "2011-04-02T13:54:55.000Z", "description": "En direct du lundi au vendredi & le dimanche \u00e0 19h45 & 22h50 sur @lachainelequipe. Une \u00e9mission pr\u00e9sent\u00e9e par Olivier M\u00e9nard. (redif. d\u00e8s minuit) #EDS", "entities": {"url": {"urls": [{"start": 0, "end": 23, "url": "https://t.co/THofMaG80k", "expanded_url": "http://bit.ly/2c2bMXJ", "display_url": "bit.ly/2c2bMXJ"}]}, "description": {"hashtags": [{"start": 146, "end": 150, "tag": "EDS"}], "mentions": [{"start": 65, "end": 81, "username": "lachainelequipe"}]}}, "location": "Paris, France", "name": "L'\u00c9QUIPE du soir", "pinned_tweet_id": "1605994535154114560", "profile_image_url": "https://pbs.twimg.com/profile_images/898131995632570368/b6NEquZE_normal.jpg", "protected": false, "public_metrics": {"followers_count": 669185, "following_count": 809, "tweet_count": 45195, "listed_count": 1395}, "url": "https://t.co/THofMaG80k", "verified": true}]}, "geo": {}, "id": "1606038644745281537", "in_reply_to_user_id": "276022853", "lang": "fr", "possibly_sensitive": false, "public_metrics": {"retweet_count": 0, "reply_count": 0, "like_count": 0, "quote_count": 0}, "referenced_tweets": [{"type": "replied_to", "id": "1606002449705275393", "attachments": {"poll_ids": ["1606002448988049409"], "poll": {}}, "author_id": "276022853", "context_annotations": [{"domain": {"id": "3", "name": "TV Shows", "description": "Television shows from around the world"}, "entity": {"id": "10032948625", "name": "L'\u00c9quipe du soir", "description": "Le magazine d\u00e9cortique et commente l'actualit\u00e9 du football et du sport. \u00c0 la baguette comme chaque soir, Olivier M\u00e9nard est entour\u00e9 de consultants, sportifs et journalistes pour d\u00e9battre des principaux th\u00e8mes sportifs."}}, {"domain": {"id": "4", "name": "TV Episodes", "description": "Television show episodes"}, "entity": {"id": "1602414194132819968", "name": "L'Equipe du soir", "description": "Le magazine d\u00e9cortique et commente l'actualit\u00e9 du football et du sport. \u00c0 la baguette comme chaque soir, Olivier M\u00e9nard est entour\u00e9 de consultants, sportifs et journalistes pour d\u00e9battre des principaux th\u00e8mes sportifs."}}, {"domain": {"id": "29", "name": "Events [Entity Service]", "description": "Real world events. "}, "entity": {"id": "1602414194132819968", "name": "L'Equipe du soir", "description": "Le magazine d\u00e9cortique et commente l'actualit\u00e9 du football et du sport. \u00c0 la baguette comme chaque soir, Olivier M\u00e9nard est entour\u00e9 de consultants, sportifs et journalistes pour d\u00e9battre des principaux th\u00e8mes sportifs."}}], "conversation_id": "1606002449705275393", "created_at": "2022-12-22T19:03:16.000Z", "edit_controls": {"edits_remaining": 5, "is_edit_eligible": false, "editable_until": "2022-12-22T19:33:16.000Z"}, "edit_history_tweet_ids": ["1606002449705275393"], "entities": {"hashtags": [{"start": 59, "end": 63, "tag": "EDS"}]}, "geo": {}, "lang": "fr", "possibly_sensitive": false, "public_metrics": {"retweet_count": 5, "reply_count": 56, "like_count": 35, "quote_count": 0}, "reply_settings": "everyone", "text": "[DUEL]\n\nCR7 vers l'Arabie Saoudite : serait-ce du g\u00e2chis ?\n#EDS", "author": {"created_at": "2011-04-02T13:54:55.000Z", "description": "En direct du lundi au vendredi & le dimanche \u00e0 19h45 & 22h50 sur @lachainelequipe. Une \u00e9mission pr\u00e9sent\u00e9e par Olivier M\u00e9nard. (redif. d\u00e8s minuit) #EDS", "entities": {"url": {"urls": [{"start": 0, "end": 23, "url": "https://t.co/THofMaG80k", "expanded_url": "http://bit.ly/2c2bMXJ", "display_url": "bit.ly/2c2bMXJ"}]}, "description": {"hashtags": [{"start": 146, "end": 150, "tag": "EDS"}], "mentions": [{"start": 65, "end": 81, "username": "lachainelequipe"}]}}, "id": "276022853", "location": "Paris, France", "name": "L'\u00c9QUIPE du soir", "pinned_tweet_id": "1605994535154114560", "profile_image_url": "https://pbs.twimg.com/profile_images/898131995632570368/b6NEquZE_normal.jpg", "protected": false, "public_metrics": {"followers_count": 669185, "following_count": 809, "tweet_count": 45195, "listed_count": 1395}, "url": "https://t.co/THofMaG80k", "username": "lequipedusoir", "verified": true}}], "reply_settings": "everyone", "text": "@lequipedusoir L'Arabie Saoudite est un des rares pays \u00e0 pouvoir se payer un tel champion. De plus on a vu le parcours de leur EN dans ce mondial , pas mal du tout , alors Christian peut impacter en bien le football en AS.", "author": {"created_at": "2012-07-05T15:32:04.000Z", "description": "Nacira Haddad Vice Pr\u00e9sidente du forum des chefs d'entreprises", "id": "627558615", "location": "Alger                         ", "name": "NACIRA HADDAD", "profile_image_url": "https://pbs.twimg.com/profile_images/1121064704460435456/ANcoiWJE_normal.jpg", "protected": false, "public_metrics": {"followers_count": 130, "following_count": 103, "tweet_count": 497, "listed_count": 1}, "username": "NACIRAHADDAD", "verified": false}, "in_reply_to_user": {"created_at": "2011-04-02T13:54:55.000Z", "description": "En direct du lundi au vendredi & le dimanche \u00e0 19h45 & 22h50 sur @lachainelequipe. Une \u00e9mission pr\u00e9sent\u00e9e par Olivier M\u00e9nard. (redif. d\u00e8s minuit) #EDS", "entities": {"url": {"urls": [{"start": 0, "end": 23, "url": "https://t.co/THofMaG80k", "expanded_url": "http://bit.ly/2c2bMXJ", "display_url": "bit.ly/2c2bMXJ"}]}, "description": {"hashtags": [{"start": 146, "end": 150, "tag": "EDS"}], "mentions": [{"start": 65, "end": 81, "username": "lachainelequipe"}]}}, "id": "276022853", "location": "Paris, France", "name": "L'\u00c9QUIPE du soir", "pinned_tweet_id": "1605994535154114560", "profile_image_url": "https://pbs.twimg.com/profile_images/898131995632570368/b6NEquZE_normal.jpg", "protected": false, "public_metrics": {"followers_count": 669185, "following_count": 809, "tweet_count": 45195, "listed_count": 1395}, "url": "https://t.co/THofMaG80k", "username": "lequipedusoir", "verified": true}, "__twarc": {"url": "https://api.twitter.com/2/tweets/search/stream?expansions=author_id%2Cin_reply_to_user_id%2Creferenced_tweets.id%2Creferenced_tweets.id.author_id%2Centities.mentions.username%2Cattachments.poll_ids%2Cattachments.media_keys%2Cgeo.place_id%2Cedit_history_tweet_ids&tweet.fields=attachments%2Cauthor_id%2Ccontext_annotations%2Cconversation_id%2Ccreated_at%2Centities%2Cgeo%2Cid%2Cin_reply_to_user_id%2Clang%2Cpublic_metrics%2Ctext%2Cpossibly_sensitive%2Creferenced_tweets%2Creply_settings%2Csource%2Cwithheld%2Cedit_controls&user.fields=created_at%2Cdescription%2Centities%2Cid%2Clocation%2Cname%2Cpinned_tweet_id%2Cprofile_image_url%2Cprotected%2Cpublic_metrics%2Curl%2Cusername%2Cverified%2Cwithheld&media.fields=alt_text%2Cduration_ms%2Cheight%2Cmedia_key%2Cpreview_image_url%2Ctype%2Curl%2Cwidth%2Cpublic_metrics&poll.fields=duration_minutes%2Cend_datetime%2Cid%2Coptions%2Cvoting_status&place.fields=contained_within%2Ccountry%2Ccountry_code%2Cfull_name%2Cgeo%2Cid%2Cname%2Cplace_type", "version": "2.12.0", "retrieved_at": "2022-12-22T21:27:14+00:00"}, "matching_rules": [{"id": "1606038627527565337", "tag": "football-related-tweets"}]}, {"attachments": {"media_keys": ["16_1606038634716700672"], "media": [{"height": 220, "media_key": "16_1606038634716700672", "preview_image_url": "https://pbs.twimg.com/tweet_video_thumb/FknLoQ3XoAAl_QS.jpg", "public_metrics": {}, "type": "animated_gif", "width": 220}]}, "author_id": "1439437082867425282", "context_annotations": [{"domain": {"id": "3", "name": "TV Shows", "description": "Television shows from around the world"}, "entity": {"id": "10000611558", "name": "College Football", "description": "Classic football games."}}, {"domain": {"id": "3", "name": "TV Shows", "description": "Television shows from around the world"}, "entity": {"id": "10033079849", "name": "College Football"}}, {"domain": {"id": "11", "name": "Sport", "description": "Types of sports, like soccer and basketball"}, "entity": {"id": "689566306014617600", "name": "American football"}}, {"domain": {"id": "12", "name": "Sports Team", "description": "A sports team organization, like Arsenal and the Boston Celtics"}, "entity": {"id": "898300582900809728", "name": "Oklahoma Sooners"}}, {"domain": {"id": "26", "name": "Sports League", "description": ""}, "entity": {"id": "892080380425125890", "name": "NCAA Football", "description": "NCAA Men's Football"}}, {"domain": {"id": "26", "name": "Sports League", "description": ""}, "entity": {"id": "898300633593204737", "name": "Big 12 football"}}, {"domain": {"id": "46", "name": "Business Taxonomy", "description": "Categories within Brand Verticals that narrow down the scope of Brands"}, "entity": {"id": "1557697289971322880", "name": "Sports & Fitness Business", "description": "Brands, companies, advertisers and every non-person handle with the profit intent related to sports nutrition, athletic apparel, sports apps, fitness venues"}}, {"domain": {"id": "131", "name": "Unified Twitter Taxonomy", "description": "A taxonomy of user interests. "}, "entity": {"id": "689566306014617600", "name": "American football"}}, {"domain": {"id": "131", "name": "Unified Twitter Taxonomy", "description": "A taxonomy of user interests. "}, "entity": {"id": "847900493514891265", "name": "Sports", "description": "Sports"}}, {"domain": {"id": "131", "name": "Unified Twitter Taxonomy", "description": "A taxonomy of user interests. "}, "entity": {"id": "892080380425125890", "name": "NCAA Football", "description": "NCAA Men's Football"}}, {"domain": {"id": "131", "name": "Unified Twitter Taxonomy", "description": "A taxonomy of user interests. "}, "entity": {"id": "898300582900809728", "name": "Oklahoma Sooners"}}, {"domain": {"id": "131", "name": "Unified Twitter Taxonomy", "description": "A taxonomy of user interests. "}, "entity": {"id": "898300633593204737", "name": "Big 12 football"}}, {"domain": {"id": "131", "name": "Unified Twitter Taxonomy", "description": "A taxonomy of user interests. "}, "entity": {"id": "1284135743791620096", "name": "College sports"}}, {"domain": {"id": "131", "name": "Unified Twitter Taxonomy", "description": "A taxonomy of user interests. "}, "entity": {"id": "1286391276271673344", "name": "University of Oklahoma"}}, {"domain": {"id": "157", "name": "Colleges & Universities", "description": "Colleges & universities around the world"}, "entity": {"id": "1286391276271673344", "name": "University of Oklahoma"}}], "conversation_id": "1606029317669998592", "created_at": "2022-12-22T21:27:06.000Z", "edit_controls": {"edits_remaining": 5, "is_edit_eligible": false, "editable_until": "2022-12-22T21:57:06.000Z"}, "edit_history_tweet_ids": ["1606038644577296384"], "entities": {"annotations": [{"start": 37, "end": 43, "probability": 0.4997, "type": "Other", "normalized_text": "Midwest"}], "mentions": [{"start": 0, "end": 11, "username": "OU_WSoccer", "id": "50030613", "created_at": "2009-06-23T16:57:11.000Z", "description": "The official Twitter feed of University of Oklahoma soccer.", "entities": {"url": {"urls": [{"start": 0, "end": 23, "url": "https://t.co/Ic3PHSfjUf", "expanded_url": "https://soonersports.com/sports/soccer", "display_url": "soonersports.com/sports/soccer"}]}}, "location": "Norman, Okla.", "name": "Oklahoma Soccer", "profile_image_url": "https://pbs.twimg.com/profile_images/1604934200213221376/zvOKx6L7_normal.png", "protected": false, "public_metrics": {"followers_count": 12771, "following_count": 330, "tweet_count": 9594, "listed_count": 145}, "url": "https://t.co/Ic3PHSfjUf", "verified": true}, {"start": 12, "end": 23, "username": "emmaalvord", "id": "1105567586333401088", "created_at": "2019-03-12T20:33:47.000Z", "description": "Fc Dallas ECNL, Guyer Varsity Track & Field @ou_wsoccer commit", "entities": {"description": {"mentions": [{"start": 44, "end": 55, "username": "ou_wsoccer"}]}}, "name": "Emma Alvord", "pinned_tweet_id": "1434250061299523588", "profile_image_url": "https://pbs.twimg.com/profile_images/1577322312633819137/BdpQlhNZ_normal.jpg", "protected": false, "public_metrics": {"followers_count": 712, "following_count": 312, "tweet_count": 302, "listed_count": 1}, "verified": false}, {"start": 24, "end": 36, "username": "OU_Football", "id": "407208905", "created_at": "2011-11-07T19:50:13.000Z", "description": "Official account of the Sooners. #OUDNA = 7 national championships, 50 conference titles, 7 Heismans. Instagram: https://t.co/WuAU5OxF9b", "entities": {"url": {"urls": [{"start": 0, "end": 23, "url": "https://t.co/lblvRQaBMS", "expanded_url": "http://SoonerSports.com", "display_url": "SoonerSports.com"}]}, "description": {"urls": [{"start": 113, "end": 136, "url": "https://t.co/WuAU5OxF9b", "expanded_url": "http://instagram.com/ou_football", "display_url": "instagram.com/ou_football"}], "hashtags": [{"start": 33, "end": 39, "tag": "OUDNA"}]}}, "location": "Norman, OK", "name": "Oklahoma Football", "profile_image_url": "https://pbs.twimg.com/profile_images/1604938010985758720/tdtCOPaV_normal.png", "protected": false, "public_metrics": {"followers_count": 719143, "following_count": 1006, "tweet_count": 41048, "listed_count": 1746}, "url": "https://t.co/lblvRQaBMS", "verified": true}], "urls": [{"start": 51, "end": 74, "url": "https://t.co/OkDKRLebP9", "expanded_url": "https://twitter.com/BradkellerPSU/status/1606038644577296384/photo/1", "display_url": "pic.twitter.com/OkDKRLebP9", "media_key": "16_1606038634716700672"}]}, "geo": {}, "id": "1606038644577296384", "in_reply_to_user_id": "50030613", "lang": "en", "possibly_sensitive": false, "public_metrics": {"retweet_count": 0, "reply_count": 0, "like_count": 0, "quote_count": 0}, "referenced_tweets": [{"type": "replied_to", "id": "1606029317669998592", "attachments": {"media_keys": ["3_1606029313924546565"], "media": [{}]}, "author_id": "50030613", "context_annotations": [{"domain": {"id": "131", "name": "Unified Twitter Taxonomy", "description": "A taxonomy of user interests. "}, "entity": {"id": "1286391276271673344", "name": "University of Oklahoma"}}, {"domain": {"id": "157", "name": "Colleges & Universities", "description": "Colleges & universities around the world"}, "entity": {"id": "1286391276271673344", "name": "University of Oklahoma"}}], "conversation_id": "1606029317669998592", "created_at": "2022-12-22T20:50:02.000Z", "edit_controls": {"edits_remaining": 5, "is_edit_eligible": true, "editable_until": "2022-12-22T21:20:02.000Z"}, "edit_history_tweet_ids": ["1606029317669998592"], "entities": {"urls": [{"start": 4, "end": 27, "url": "https://t.co/HviM73wx9V", "expanded_url": "https://twitter.com/OU_WSoccer/status/1606029317669998592/photo/1", "display_url": "pic.twitter.com/HviM73wx9V", "media_key": "3_1606029313924546565"}]}, "geo": {}, "lang": "und", "possibly_sensitive": false, "public_metrics": {"retweet_count": 377, "reply_count": 137, "like_count": 3073, "quote_count": 241}, "reply_settings": "everyone", "text": "\ud83d\ude01\u2764\ufe0f https://t.co/HviM73wx9V", "author": {"created_at": "2009-06-23T16:57:11.000Z", "description": "The official Twitter feed of University of Oklahoma soccer.", "entities": {"url": {"urls": [{"start": 0, "end": 23, "url": "https://t.co/Ic3PHSfjUf", "expanded_url": "https://soonersports.com/sports/soccer", "display_url": "soonersports.com/sports/soccer"}]}}, "id": "50030613", "location": "Norman, Okla.", "name": "Oklahoma Soccer", "profile_image_url": "https://pbs.twimg.com/profile_images/1604934200213221376/zvOKx6L7_normal.png", "protected": false, "public_metrics": {"followers_count": 12771, "following_count": 330, "tweet_count": 9594, "listed_count": 145}, "url": "https://t.co/Ic3PHSfjUf", "username": "OU_WSoccer", "verified": true}}], "reply_settings": "everyone", "text": "@OU_WSoccer @emmaalvord @OU_Football Midwest girls https://t.co/OkDKRLebP9", "author": {"created_at": "2021-09-19T03:52:14.000Z", "description": "Free State (Real World)", "id": "1439437082867425282", "name": "Bradkeller", "pinned_tweet_id": "1510023321915699202", "profile_image_url": "https://pbs.twimg.com/profile_images/1452024327856136200/g8YRPZRa_normal.jpg", "protected": false, "public_metrics": {"followers_count": 148, "following_count": 1210, "tweet_count": 7689, "listed_count": 1}, "username": "BradkellerPSU", "verified": false}, "in_reply_to_user": {"created_at": "2009-06-23T16:57:11.000Z", "description": "The official Twitter feed of University of Oklahoma soccer.", "entities": {"url": {"urls": [{"start": 0, "end": 23, "url": "https://t.co/Ic3PHSfjUf", "expanded_url": "https://soonersports.com/sports/soccer", "display_url": "soonersports.com/sports/soccer"}]}}, "id": "50030613", "location": "Norman, Okla.", "name": "Oklahoma Soccer", "profile_image_url": "https://pbs.twimg.com/profile_images/1604934200213221376/zvOKx6L7_normal.png", "protected": false, "public_metrics": {"followers_count": 12771, "following_count": 330, "tweet_count": 9594, "listed_count": 145}, "url": "https://t.co/Ic3PHSfjUf", "username": "OU_WSoccer", "verified": true}, "__twarc": {"url": "https://api.twitter.com/2/tweets/search/stream?expansions=author_id%2Cin_reply_to_user_id%2Creferenced_tweets.id%2Creferenced_tweets.id.author_id%2Centities.mentions.username%2Cattachments.poll_ids%2Cattachments.media_keys%2Cgeo.place_id%2Cedit_history_tweet_ids&tweet.fields=attachments%2Cauthor_id%2Ccontext_annotations%2Cconversation_id%2Ccreated_at%2Centities%2Cgeo%2Cid%2Cin_reply_to_user_id%2Clang%2Cpublic_metrics%2Ctext%2Cpossibly_sensitive%2Creferenced_tweets%2Creply_settings%2Csource%2Cwithheld%2Cedit_controls&user.fields=created_at%2Cdescription%2Centities%2Cid%2Clocation%2Cname%2Cpinned_tweet_id%2Cprofile_image_url%2Cprotected%2Cpublic_metrics%2Curl%2Cusername%2Cverified%2Cwithheld&media.fields=alt_text%2Cduration_ms%2Cheight%2Cmedia_key%2Cpreview_image_url%2Ctype%2Curl%2Cwidth%2Cpublic_metrics&poll.fields=duration_minutes%2Cend_datetime%2Cid%2Coptions%2Cvoting_status&place.fields=contained_within%2Ccountry%2Ccountry_code%2Cfull_name%2Cgeo%2Cid%2Cname%2Cplace_type", "version": "2.12.0", "retrieved_at": "2022-12-22T21:27:14+00:00"}, "matching_rules": [{"id": "1606038627527565337", "tag": "football-related-tweets"}]}, {"attachments": {}, "author_id": "854750532749209600", "conversation_id": "1606038645454110720", "created_at": "2022-12-22T21:27:06.000Z", "edit_controls": {"edits_remaining": 5, "is_edit_eligible": false, "editable_until": "2022-12-22T21:57:06.000Z"}, "edit_history_tweet_ids": ["1606038645454110720"], "entities": {"mentions": [{"start": 3, "end": 13, "username": "itti_oman", "id": "3972848242", "created_at": "2015-10-16T15:01:47.000Z", "description": "\u062d\u0633\u0627\u0628 \u0645\u062c\u0644\u0633 \u062c\u0645\u0647\u0648\u0631 \u0646\u0627\u062f\u064a #\u0627\u0644\u0627\u062a\u062d\u0627\u062f \u0627\u0644\u0633\u0639\u0648\u062f\u064a \u0641\u064a \u0633\u0644\u0637\u0646\u0629 \u0639\u0645\u0627\u0646..", "entities": {"description": {"hashtags": [{"start": 21, "end": 29, "tag": "\u0627\u0644\u0627\u062a\u062d\u0627\u062f"}]}}, "location": "muscat oman", "name": "\u0645\u062c\u0644\u0633 \u0627\u0644\u0627\u062a\u062d\u0627\u062f \u0641\u064a \u0639\u064f\u0645\u0627\u0646 \ud83c\uddf8\ud83c\udde6\ud83c\uddf4\ud83c\uddf2", "pinned_tweet_id": "1505246742144593924", "profile_image_url": "https://pbs.twimg.com/profile_images/716567623828381696/SeCMI8IV_normal.jpg", "protected": false, "public_metrics": {"followers_count": 13679, "following_count": 60, "tweet_count": 2742, "listed_count": 30}, "verified": false}]}, "geo": {}, "id": "1606038645454110720", "lang": "ar", "possibly_sensitive": false, "public_metrics": {"retweet_count": 1, "reply_count": 0, "like_count": 0, "quote_count": 0}, "referenced_tweets": [{"type": "retweeted", "id": "1606037260704444416", "attachments": {}, "author_id": "3972848242", "conversation_id": "1606037260704444416", "created_at": "2022-12-22T21:21:36.000Z", "edit_controls": {"edits_remaining": 5, "is_edit_eligible": true, "editable_until": "2022-12-22T21:51:36.000Z"}, "edit_history_tweet_ids": ["1606037260704444416"], "entities": {"urls": [{"start": 34, "end": 57, "url": "https://t.co/pjv2KontnF", "expanded_url": "https://twitter.com/football_ll55/status/1606033988274880512", "display_url": "twitter.com/football_ll55/\u2026"}]}, "geo": {}, "lang": "ar", "possibly_sensitive": false, "public_metrics": {"retweet_count": 1, "reply_count": 1, "like_count": 3, "quote_count": 0}, "referenced_tweets": [{"type": "quoted", "id": "1606033988274880512"}], "reply_settings": "everyone", "text": "\u0637\u0627\u0644\u062a \u0637\u0627\u0644\u062a \u0637\u0627\u0644\u062a \n\n\u0637\u0627\u0631\u062a \u0637\u0627\u0631\u062a \u0637\u0627\u0631\u062a \ud83e\udd23 https://t.co/pjv2KontnF", "author": {"created_at": "2015-10-16T15:01:47.000Z", "description": "\u062d\u0633\u0627\u0628 \u0645\u062c\u0644\u0633 \u062c\u0645\u0647\u0648\u0631 \u0646\u0627\u062f\u064a #\u0627\u0644\u0627\u062a\u062d\u0627\u062f \u0627\u0644\u0633\u0639\u0648\u062f\u064a \u0641\u064a \u0633\u0644\u0637\u0646\u0629 \u0639\u0645\u0627\u0646..", "entities": {"description": {"hashtags": [{"start": 21, "end": 29, "tag": "\u0627\u0644\u0627\u062a\u062d\u0627\u062f"}]}}, "id": "3972848242", "location": "muscat oman", "name": "\u0645\u062c\u0644\u0633 \u0627\u0644\u0627\u062a\u062d\u0627\u062f \u0641\u064a \u0639\u064f\u0645\u0627\u0646 \ud83c\uddf8\ud83c\udde6\ud83c\uddf4\ud83c\uddf2", "pinned_tweet_id": "1505246742144593924", "profile_image_url": "https://pbs.twimg.com/profile_images/716567623828381696/SeCMI8IV_normal.jpg", "protected": false, "public_metrics": {"followers_count": 13679, "following_count": 60, "tweet_count": 2742, "listed_count": 30}, "username": "itti_oman", "verified": false}}], "reply_settings": "everyone", "text": "RT @itti_oman: \u0637\u0627\u0644\u062a \u0637\u0627\u0644\u062a \u0637\u0627\u0644\u062a \n\n\u0637\u0627\u0631\u062a \u0637\u0627\u0631\u062a \u0637\u0627\u0631\u062a \ud83e\udd23", "author": {"created_at": "2017-04-19T17:36:22.000Z", "description": "\u200f\u200f\u200f\u0645\u0646 \u0627\u0644\u0633\u0644\u0637\u0646\u0647 \u0639\u0645\u0627\u0646 \u0627\u0644\u0634\u0631\u0642\u064a\u0647 \u062c\u0646\u0648\u0628\n\u200f\u0639\u0627\u0634\u0642 \u0627\u0644\u0627\u062a\u062d\u0627\u062f \u0627\u0644\u0633\u0639\u0648\u062f\u064a\ud83d\udda4\ud83d\udc9b \u0648\u0645\u064a\u0644\u0627\u0646\u064a\u2665\ufe0f\ud83d\udda4 \u0639\u0627\u0634\u0642 \u0627\u0646\u0645\u064a \u0648\u0646 \u0628\u064a\u0633", "id": "854750532749209600", "location": "\u0633\u0644\u0637\u0646\u0629 \u0639\u0645\u0627\u0646", "name": "\u0641\u0647\u062f \u0627\u0644\u0639\u0644\u0648\u064a", "pinned_tweet_id": "1509360028553199629", "profile_image_url": "https://pbs.twimg.com/profile_images/1482741573062467584/V1fRHsvL_normal.jpg", "protected": false, "public_metrics": {"followers_count": 1042, "following_count": 2453, "tweet_count": 12160, "listed_count": 0}, "username": "w4kj143XtypmmeL", "verified": false}, "__twarc": {"url": "https://api.twitter.com/2/tweets/search/stream?expansions=author_id%2Cin_reply_to_user_id%2Creferenced_tweets.id%2Creferenced_tweets.id.author_id%2Centities.mentions.username%2Cattachments.poll_ids%2Cattachments.media_keys%2Cgeo.place_id%2Cedit_history_tweet_ids&tweet.fields=attachments%2Cauthor_id%2Ccontext_annotations%2Cconversation_id%2Ccreated_at%2Centities%2Cgeo%2Cid%2Cin_reply_to_user_id%2Clang%2Cpublic_metrics%2Ctext%2Cpossibly_sensitive%2Creferenced_tweets%2Creply_settings%2Csource%2Cwithheld%2Cedit_controls&user.fields=created_at%2Cdescription%2Centities%2Cid%2Clocation%2Cname%2Cpinned_tweet_id%2Cprofile_image_url%2Cprotected%2Cpublic_metrics%2Curl%2Cusername%2Cverified%2Cwithheld&media.fields=alt_text%2Cduration_ms%2Cheight%2Cmedia_key%2Cpreview_image_url%2Ctype%2Curl%2Cwidth%2Cpublic_metrics&poll.fields=duration_minutes%2Cend_datetime%2Cid%2Coptions%2Cvoting_status&place.fields=contained_within%2Ccountry%2Ccountry_code%2Cfull_name%2Cgeo%2Cid%2Cname%2Cplace_type", "version": "2.12.0", "retrieved_at": "2022-12-22T21:27:14+00:00"}, "matching_rules": [{"id": "1606038627527565337", "tag": "football-related-tweets"}]}, {"attachments": {}, "author_id": "307966155", "context_annotations": [{"domain": {"id": "3", "name": "TV Shows", "description": "Television shows from around the world"}, "entity": {"id": "10000607734", "name": "NBA Basketball", "description": "All the latest basketball action from the NBA."}}, {"domain": {"id": "3", "name": "TV Shows", "description": "Television shows from around the world"}, "entity": {"id": "10029304530", "name": "NBA Basketball"}}, {"domain": {"id": "6", "name": "Sports Event"}, "entity": {"id": "1275806388367720450", "name": "2022 FIFA World Cup"}}, {"domain": {"id": "11", "name": "Sport", "description": "Types of sports, like soccer and basketball"}, "entity": {"id": "706083902411055104", "name": "Basketball"}}, {"domain": {"id": "26", "name": "Sports League", "description": ""}, "entity": {"id": "706083889454813185", "name": "NBA"}}, {"domain": {"id": "26", "name": "Sports League", "description": ""}, "entity": {"id": "1275806388367720450", "name": "2022 FIFA World Cup"}}, {"domain": {"id": "26", "name": "Sports League", "description": ""}, "entity": {"id": "1304474187961044993", "name": "FIFA Men's World Cup"}}, {"domain": {"id": "29", "name": "Events [Entity Service]", "description": "Real world events. "}, "entity": {"id": "1275806388367720450", "name": "2022 FIFA World Cup"}}, {"domain": {"id": "29", "name": "Events [Entity Service]", "description": "Real world events. "}, "entity": {"id": "1304474187961044993", "name": "FIFA Men's World Cup"}}, {"domain": {"id": "40", "name": "Sports Series", "description": "A grouping of sports events or series, for example 2014 pre-season, a tournament, or round"}, "entity": {"id": "1275806388367720450", "name": "2022 FIFA World Cup"}}, {"domain": {"id": "46", "name": "Business Taxonomy", "description": "Categories within Brand Verticals that narrow down the scope of Brands"}, "entity": {"id": "1557697289971322880", "name": "Sports & Fitness Business", "description": "Brands, companies, advertisers and every non-person handle with the profit intent related to sports nutrition, athletic apparel, sports apps, fitness venues"}}, {"domain": {"id": "131", "name": "Unified Twitter Taxonomy", "description": "A taxonomy of user interests. "}, "entity": {"id": "706083889454813185", "name": "NBA"}}, {"domain": {"id": "131", "name": "Unified Twitter Taxonomy", "description": "A taxonomy of user interests. "}, "entity": {"id": "706083902411055104", "name": "Basketball"}}, {"domain": {"id": "131", "name": "Unified Twitter Taxonomy", "description": "A taxonomy of user interests. "}, "entity": {"id": "733756536430809088", "name": "Soccer"}}, {"domain": {"id": "131", "name": "Unified Twitter Taxonomy", "description": "A taxonomy of user interests. "}, "entity": {"id": "847900493514891265", "name": "Sports", "description": "Sports"}}, {"domain": {"id": "131", "name": "Unified Twitter Taxonomy", "description": "A taxonomy of user interests. "}, "entity": {"id": "1286401121641103360", "name": "Sports events"}}, {"domain": {"id": "131", "name": "Unified Twitter Taxonomy", "description": "A taxonomy of user interests. "}, "entity": {"id": "1304474187961044993", "name": "FIFA Men's World Cup"}}, {"domain": {"id": "131", "name": "Unified Twitter Taxonomy", "description": "A taxonomy of user interests. "}, "entity": {"id": "1436053202835689485", "name": "Events"}}, {"domain": {"id": "11", "name": "Sport", "description": "Types of sports, like soccer and basketball"}, "entity": {"id": "733756536430809088", "name": "Soccer"}}, {"domain": {"id": "12", "name": "Sports Team", "description": "A sports team organization, like Arsenal and the Boston Celtics"}, "entity": {"id": "731226163138289665", "name": "USA"}}, {"domain": {"id": "45", "name": "Brand Vertical", "description": "Top level entities that describe a Brands industry"}, "entity": {"id": "781974597310615553", "name": "Entertainment"}}, {"domain": {"id": "47", "name": "Brand", "description": "Brands and Companies"}, "entity": {"id": "10042758024", "name": "NBA"}}, {"domain": {"id": "131", "name": "Unified Twitter Taxonomy", "description": "A taxonomy of user interests. "}, "entity": {"id": "731226163138289665", "name": "USA"}}, {"domain": {"id": "131", "name": "Unified Twitter Taxonomy", "description": "A taxonomy of user interests. "}, "entity": {"id": "733756536430809088", "name": "Soccer"}}, {"domain": {"id": "131", "name": "Unified Twitter Taxonomy", "description": "A taxonomy of user interests. "}, "entity": {"id": "847900493514891265", "name": "Sports", "description": "Sports"}}, {"domain": {"id": "131", "name": "Unified Twitter Taxonomy", "description": "A taxonomy of user interests. "}, "entity": {"id": "1100397500890996736", "name": "Men's national soccer teams", "description": "National Soccer Teams"}}], "conversation_id": "1606035766127239178", "created_at": "2022-12-22T21:27:06.000Z", "edit_controls": {"edits_remaining": 5, "is_edit_eligible": false, "editable_until": "2022-12-22T21:57:06.000Z"}, "edit_history_tweet_ids": ["1606038647370817566"], "entities": {"annotations": [{"start": 27, "end": 29, "probability": 0.9291, "type": "Place", "normalized_text": "USA"}, {"start": 59, "end": 61, "probability": 0.9706, "type": "Place", "normalized_text": "USA"}, {"start": 96, "end": 98, "probability": 0.9666, "type": "Organization", "normalized_text": "NBA"}], "mentions": [{"start": 0, "end": 10, "username": "itsinigo_", "id": "2873355904", "created_at": "2014-11-12T04:15:16.000Z", "description": "muy cansado de la sociedad.", "name": "\u00cd\u00f1igo", "pinned_tweet_id": "1604498770724618241", "profile_image_url": "https://pbs.twimg.com/profile_images/1604502018462257152/3XQjFzpe_normal.jpg", "protected": false, "public_metrics": {"followers_count": 360, "following_count": 391, "tweet_count": 1009, "listed_count": 4}, "verified": false}]}, "geo": {}, "id": "1606038647370817566", "in_reply_to_user_id": "2873355904", "lang": "es", "possibly_sensitive": false, "public_metrics": {"retweet_count": 0, "reply_count": 0, "like_count": 0, "quote_count": 0}, "referenced_tweets": [{"type": "replied_to", "id": "1606037316677443584", "attachments": {}, "author_id": "2873355904", "context_annotations": [{"domain": {"id": "3", "name": "TV Shows", "description": "Television shows from around the world"}, "entity": {"id": "10000607734", "name": "NBA Basketball", "description": "All the latest basketball action from the NBA."}}, {"domain": {"id": "3", "name": "TV Shows", "description": "Television shows from around the world"}, "entity": {"id": "10000612773", "name": "NFL Football", "description": "Football action from around the National Football League."}}, {"domain": {"id": "3", "name": "TV Shows", "description": "Television shows from around the world"}, "entity": {"id": "10029304530", "name": "NBA Basketball"}}, {"domain": {"id": "6", "name": "Sports Event"}, "entity": {"id": "1275806388367720450", "name": "2022 FIFA World Cup"}}, {"domain": {"id": "11", "name": "Sport", "description": "Types of sports, like soccer and basketball"}, "entity": {"id": "689566306014617600", "name": "American football"}}, {"domain": {"id": "11", "name": "Sport", "description": "Types of sports, like soccer and basketball"}, "entity": {"id": "706083902411055104", "name": "Basketball"}}, {"domain": {"id": "26", "name": "Sports League", "description": ""}, "entity": {"id": "689566314835259392", "name": "NFL"}}, {"domain": {"id": "26", "name": "Sports League", "description": ""}, "entity": {"id": "706083889454813185", "name": "NBA"}}, {"domain": {"id": "26", "name": "Sports League", "description": ""}, "entity": {"id": "1275806388367720450", "name": "2022 FIFA World Cup"}}, {"domain": {"id": "26", "name": "Sports League", "description": ""}, "entity": {"id": "1304474187961044993", "name": "FIFA Men's World Cup"}}, {"domain": {"id": "29", "name": "Events [Entity Service]", "description": "Real world events. "}, "entity": {"id": "1275806388367720450", "name": "2022 FIFA World Cup"}}, {"domain": {"id": "29", "name": "Events [Entity Service]", "description": "Real world events. "}, "entity": {"id": "1304474187961044993", "name": "FIFA Men's World Cup"}}, {"domain": {"id": "40", "name": "Sports Series", "description": "A grouping of sports events or series, for example 2014 pre-season, a tournament, or round"}, "entity": {"id": "1275806388367720450", "name": "2022 FIFA World Cup"}}, {"domain": {"id": "46", "name": "Business Taxonomy", "description": "Categories within Brand Verticals that narrow down the scope of Brands"}, "entity": {"id": "1557697289971322880", "name": "Sports & Fitness Business", "description": "Brands, companies, advertisers and every non-person handle with the profit intent related to sports nutrition, athletic apparel, sports apps, fitness venues"}}, {"domain": {"id": "131", "name": "Unified Twitter Taxonomy", "description": "A taxonomy of user interests. "}, "entity": {"id": "689566306014617600", "name": "American football"}}, {"domain": {"id": "131", "name": "Unified Twitter Taxonomy", "description": "A taxonomy of user interests. "}, "entity": {"id": "689566314835259392", "name": "NFL"}}, {"domain": {"id": "131", "name": "Unified Twitter Taxonomy", "description": "A taxonomy of user interests. "}, "entity": {"id": "706083889454813185", "name": "NBA"}}, {"domain": {"id": "131", "name": "Unified Twitter Taxonomy", "description": "A taxonomy of user interests. "}, "entity": {"id": "706083902411055104", "name": "Basketball"}}, {"domain": {"id": "131", "name": "Unified Twitter Taxonomy", "description": "A taxonomy of user interests. "}, "entity": {"id": "733756536430809088", "name": "Soccer"}}, {"domain": {"id": "131", "name": "Unified Twitter Taxonomy", "description": "A taxonomy of user interests. "}, "entity": {"id": "847900493514891265", "name": "Sports", "description": "Sports"}}, {"domain": {"id": "131", "name": "Unified Twitter Taxonomy", "description": "A taxonomy of user interests. "}, "entity": {"id": "1286401121641103360", "name": "Sports events"}}, {"domain": {"id": "131", "name": "Unified Twitter Taxonomy", "description": "A taxonomy of user interests. "}, "entity": {"id": "1304458033888505856", "name": "Super Bowl"}}, {"domain": {"id": "131", "name": "Unified Twitter Taxonomy", "description": "A taxonomy of user interests. "}, "entity": {"id": "1304474187961044993", "name": "FIFA Men's World Cup"}}, {"domain": {"id": "131", "name": "Unified Twitter Taxonomy", "description": "A taxonomy of user interests. "}, "entity": {"id": "1436053202835689485", "name": "Events"}}, {"domain": {"id": "45", "name": "Brand Vertical", "description": "Top level entities that describe a Brands industry"}, "entity": {"id": "781974597310615553", "name": "Entertainment"}}, {"domain": {"id": "47", "name": "Brand", "description": "Brands and Companies"}, "entity": {"id": "10042758024", "name": "NBA"}}], "conversation_id": "1606035766127239178", "created_at": "2022-12-22T21:21:49.000Z", "edit_controls": {"edits_remaining": 5, "is_edit_eligible": false, "editable_until": "2022-12-22T21:51:49.000Z"}, "edit_history_tweet_ids": ["1606037316677443584"], "entities": {"annotations": [{"start": 142, "end": 148, "probability": 0.8245, "type": "Other", "normalized_text": "Mundial"}, {"start": 159, "end": 167, "probability": 0.9454, "type": "Other", "normalized_text": "Superbowl"}, {"start": 182, "end": 184, "probability": 0.9332, "type": "Organization", "normalized_text": "NBA"}, {"start": 216, "end": 222, "probability": 0.8726, "type": "Other", "normalized_text": "Mundial"}], "mentions": [{"start": 0, "end": 11, "username": "AbrahamJ7B", "id": "307966155", "created_at": "2011-05-30T16:10:04.000Z", "description": "Hans-Hermann Hoppe, Ted Kaczynski, Andrew Tate, Zyzz, El Nano / Periodistas hate account", "entities": {"url": {"urls": [{"start": 0, "end": 23, "url": "https://t.co/TRPrVy7HX7", "expanded_url": "https://formula1.ferrari.com", "display_url": "formula1.ferrari.com"}]}}, "name": "\u03b1\u0432\u044f\u03b1\u043d\u03b1\u043c", "pinned_tweet_id": "1573989183370272768", "profile_image_url": "https://pbs.twimg.com/profile_images/1474011973482340353/Ux0je00P_normal.jpg", "protected": false, "public_metrics": {"followers_count": 3778, "following_count": 932, "tweet_count": 27127, "listed_count": 6}, "url": "https://t.co/TRPrVy7HX7", "verified": false}]}, "geo": {}, "in_reply_to_user_id": "307966155", "lang": "es", "possibly_sensitive": false, "public_metrics": {"retweet_count": 0, "reply_count": 1, "like_count": 0, "quote_count": 0}, "referenced_tweets": [{"type": "replied_to", "id": "1606036614794321943"}], "reply_settings": "everyone", "text": "@AbrahamJ7B Viven en una burbuja donde parece que solo existe lo suyo, menos mal que luego les bajan a la realidad los datos de audiencia del Mundial frente a Superbowl o Finales de NBA. Ellos mismos lo ver\u00e1n con su Mundial en 2026.", "author": {"created_at": "2014-11-12T04:15:16.000Z", "description": "muy cansado de la sociedad.", "id": "2873355904", "name": "\u00cd\u00f1igo", "pinned_tweet_id": "1604498770724618241", "profile_image_url": "https://pbs.twimg.com/profile_images/1604502018462257152/3XQjFzpe_normal.jpg", "protected": false, "public_metrics": {"followers_count": 360, "following_count": 391, "tweet_count": 1009, "listed_count": 4}, "username": "itsinigo_", "verified": false}, "in_reply_to_user": {"created_at": "2011-05-30T16:10:04.000Z", "description": "Hans-Hermann Hoppe, Ted Kaczynski, Andrew Tate, Zyzz, El Nano / Periodistas hate account", "entities": {"url": {"urls": [{"start": 0, "end": 23, "url": "https://t.co/TRPrVy7HX7", "expanded_url": "https://formula1.ferrari.com", "display_url": "formula1.ferrari.com"}]}}, "id": "307966155", "name": "\u03b1\u0432\u044f\u03b1\u043d\u03b1\u043c", "pinned_tweet_id": "1573989183370272768", "profile_image_url": "https://pbs.twimg.com/profile_images/1474011973482340353/Ux0je00P_normal.jpg", "protected": false, "public_metrics": {"followers_count": 3778, "following_count": 932, "tweet_count": 27127, "listed_count": 6}, "url": "https://t.co/TRPrVy7HX7", "username": "AbrahamJ7B", "verified": false}}], "reply_settings": "everyone", "text": "@itsinigo_ los partidos de USA del mundial se han visto en USA m\u00e1s que todos los partidos de la NBA menos 4 de la final", "author": {"created_at": "2011-05-30T16:10:04.000Z", "description": "Hans-Hermann Hoppe, Ted Kaczynski, Andrew Tate, Zyzz, El Nano / Periodistas hate account", "entities": {"url": {"urls": [{"start": 0, "end": 23, "url": "https://t.co/TRPrVy7HX7", "expanded_url": "https://formula1.ferrari.com", "display_url": "formula1.ferrari.com"}]}}, "id": "307966155", "name": "\u03b1\u0432\u044f\u03b1\u043d\u03b1\u043c", "pinned_tweet_id": "1573989183370272768", "profile_image_url": "https://pbs.twimg.com/profile_images/1474011973482340353/Ux0je00P_normal.jpg", "protected": false, "public_metrics": {"followers_count": 3778, "following_count": 932, "tweet_count": 27127, "listed_count": 6}, "url": "https://t.co/TRPrVy7HX7", "username": "AbrahamJ7B", "verified": false}, "in_reply_to_user": {"created_at": "2014-11-12T04:15:16.000Z", "description": "muy cansado de la sociedad.", "id": "2873355904", "name": "\u00cd\u00f1igo", "pinned_tweet_id": "1604498770724618241", "profile_image_url": "https://pbs.twimg.com/profile_images/1604502018462257152/3XQjFzpe_normal.jpg", "protected": false, "public_metrics": {"followers_count": 360, "following_count": 391, "tweet_count": 1009, "listed_count": 4}, "username": "itsinigo_", "verified": false}, "__twarc": {"url": "https://api.twitter.com/2/tweets/search/stream?expansions=author_id%2Cin_reply_to_user_id%2Creferenced_tweets.id%2Creferenced_tweets.id.author_id%2Centities.mentions.username%2Cattachments.poll_ids%2Cattachments.media_keys%2Cgeo.place_id%2Cedit_history_tweet_ids&tweet.fields=attachments%2Cauthor_id%2Ccontext_annotations%2Cconversation_id%2Ccreated_at%2Centities%2Cgeo%2Cid%2Cin_reply_to_user_id%2Clang%2Cpublic_metrics%2Ctext%2Cpossibly_sensitive%2Creferenced_tweets%2Creply_settings%2Csource%2Cwithheld%2Cedit_controls&user.fields=created_at%2Cdescription%2Centities%2Cid%2Clocation%2Cname%2Cpinned_tweet_id%2Cprofile_image_url%2Cprotected%2Cpublic_metrics%2Curl%2Cusername%2Cverified%2Cwithheld&media.fields=alt_text%2Cduration_ms%2Cheight%2Cmedia_key%2Cpreview_image_url%2Ctype%2Curl%2Cwidth%2Cpublic_metrics&poll.fields=duration_minutes%2Cend_datetime%2Cid%2Coptions%2Cvoting_status&place.fields=contained_within%2Ccountry%2Ccountry_code%2Cfull_name%2Cgeo%2Cid%2Cname%2Cplace_type", "version": "2.12.0", "retrieved_at": "2022-12-22T21:27:15+00:00"}, "matching_rules": [{"id": "1606038627527565337", "tag": "football-related-tweets"}]}, {"attachments": {}, "author_id": "1565062855254228997", "conversation_id": "1606038849330696192", "created_at": "2022-12-22T21:27:55.000Z", "edit_controls": {"edits_remaining": 5, "is_edit_eligible": false, "editable_until": "2022-12-22T21:57:55.000Z"}, "edit_history_tweet_ids": ["1606038849330696192"], "entities": {"mentions": [{"start": 3, "end": 16, "username": "maximebiaggi", "id": "515697572", "created_at": "2012-03-05T17:51:33.000Z", "description": "serial kiffeur \ud83d\ude0e Twitch, YouTube & insta (faut aller sur insta je pense) : maxime biaggi \ud83d\udc4d\ud83c\udffb", "entities": {"url": {"urls": [{"start": 0, "end": 23, "url": "https://t.co/xc3Nj9D1nj", "expanded_url": "http://youtube.com/c/MaximeBiaggi", "display_url": "youtube.com/c/MaximeBiaggi"}]}}, "location": "maximebiaggi.contact@gmail.com", "name": "Maxime biaDJI", "pinned_tweet_id": "1270817195174572033", "profile_image_url": "https://pbs.twimg.com/profile_images/1571575125853573124/DbyMMSJg_normal.jpg", "protected": false, "public_metrics": {"followers_count": 202640, "following_count": 423, "tweet_count": 4857, "listed_count": 81}, "url": "https://t.co/xc3Nj9D1nj", "verified": false}]}, "geo": {}, "id": "1606038849330696192", "lang": "fr", "possibly_sensitive": false, "public_metrics": {"retweet_count": 5820, "reply_count": 0, "like_count": 0, "quote_count": 0}, "referenced_tweets": [{"type": "retweeted", "id": "1605277716089020417", "attachments": {"media_keys": ["3_1605277698888241153"], "media": [{}]}, "author_id": "515697572", "context_annotations": [{"domain": {"id": "3", "name": "TV Shows", "description": "Television shows from around the world"}, "entity": {"id": "10000607734", "name": "NBA Basketball", "description": "All the latest basketball action from the NBA."}}, {"domain": {"id": "3", "name": "TV Shows", "description": "Television shows from around the world"}, "entity": {"id": "10029304530", "name": "NBA Basketball"}}, {"domain": {"id": "11", "name": "Sport", "description": "Types of sports, like soccer and basketball"}, "entity": {"id": "706083902411055104", "name": "Basketball"}}, {"domain": {"id": "26", "name": "Sports League", "description": ""}, "entity": {"id": "706083889454813185", "name": "NBA"}}, {"domain": {"id": "46", "name": "Business Taxonomy", "description": "Categories within Brand Verticals that narrow down the scope of Brands"}, "entity": {"id": "1557697289971322880", "name": "Sports & Fitness Business", "description": "Brands, companies, advertisers and every non-person handle with the profit intent related to sports nutrition, athletic apparel, sports apps, fitness venues"}}, {"domain": {"id": "131", "name": "Unified Twitter Taxonomy", "description": "A taxonomy of user interests. "}, "entity": {"id": "706083889454813185", "name": "NBA"}}, {"domain": {"id": "131", "name": "Unified Twitter Taxonomy", "description": "A taxonomy of user interests. "}, "entity": {"id": "706083902411055104", "name": "Basketball"}}, {"domain": {"id": "131", "name": "Unified Twitter Taxonomy", "description": "A taxonomy of user interests. "}, "entity": {"id": "847900493514891265", "name": "Sports", "description": "Sports"}}, {"domain": {"id": "45", "name": "Brand Vertical", "description": "Top level entities that describe a Brands industry"}, "entity": {"id": "781974597310615553", "name": "Entertainment"}}, {"domain": {"id": "30", "name": "Entities [Entity Service]", "description": "Entity Service top level domain, every item that is in Entity Service should be in this domain"}, "entity": {"id": "781974596752842752", "name": "Services"}}, {"domain": {"id": "47", "name": "Brand", "description": "Brands and Companies"}, "entity": {"id": "10042758024", "name": "NBA"}}, {"domain": {"id": "47", "name": "Brand", "description": "Brands and Companies"}, "entity": {"id": "10045225402", "name": "Twitter"}}], "conversation_id": "1605277716089020417", "created_at": "2022-12-20T19:03:26.000Z", "edit_controls": {"edits_remaining": 5, "is_edit_eligible": true, "editable_until": "2022-12-20T19:33:26.000Z"}, "edit_history_tweet_ids": ["1605277716089020417"], "entities": {"urls": [{"start": 235, "end": 258, "url": "https://t.co/LzKIeT2Td6", "expanded_url": "https://twitter.com/maximebiaggi/status/1605277716089020417/photo/1", "display_url": "pic.twitter.com/LzKIeT2Td6", "media_key": "3_1605277698888241153"}]}, "geo": {}, "lang": "fr", "possibly_sensitive": false, "public_metrics": {"retweet_count": 5820, "reply_count": 5205, "like_count": 3288, "quote_count": 40}, "reply_settings": "everyone", "text": "\ud83c\udf84CONCOURS\ud83c\udf84\n\nA l\u2019occasion de mon live de No\u00ebl, avec puma on vous fait gagner un lot avec des habits et des places pour la NBA Paris \ud83e\udef5\ud83c\udffb\ud83d\ude0e\ud83e\udef5\ud83c\udffb\n\nPour participer il vous suffit de RT et commenter le tweet \ud83d\udc4d\ud83c\udffb \n\nTirage au sort le 25 d\u00e9cembre \ud83d\ude4f\ud83c\udffb https://t.co/LzKIeT2Td6", "author": {"created_at": "2012-03-05T17:51:33.000Z", "description": "serial kiffeur \ud83d\ude0e Twitch, YouTube & insta (faut aller sur insta je pense) : maxime biaggi \ud83d\udc4d\ud83c\udffb", "entities": {"url": {"urls": [{"start": 0, "end": 23, "url": "https://t.co/xc3Nj9D1nj", "expanded_url": "http://youtube.com/c/MaximeBiaggi", "display_url": "youtube.com/c/MaximeBiaggi"}]}}, "id": "515697572", "location": "maximebiaggi.contact@gmail.com", "name": "Maxime biaDJI", "pinned_tweet_id": "1270817195174572033", "profile_image_url": "https://pbs.twimg.com/profile_images/1571575125853573124/DbyMMSJg_normal.jpg", "protected": false, "public_metrics": {"followers_count": 202640, "following_count": 423, "tweet_count": 4857, "listed_count": 81}, "url": "https://t.co/xc3Nj9D1nj", "username": "maximebiaggi", "verified": false}}], "reply_settings": "everyone", "text": "RT @maximebiaggi: \ud83c\udf84CONCOURS\ud83c\udf84\n\nA l\u2019occasion de mon live de No\u00ebl, avec puma on vous fait gagner un lot avec des habits et des places pour la\u2026", "author": {"created_at": "2022-08-31T19:44:13.000Z", "description": "\u06f5", "id": "1565062855254228997", "name": "\ud83c\uddee\ud83c\uddf9cla", "profile_image_url": "https://pbs.twimg.com/profile_images/1566116833643708416/YxU1h3TK_normal.jpg", "protected": false, "public_metrics": {"followers_count": 378, "following_count": 355, "tweet_count": 3244, "listed_count": 0}, "username": "9mkyu_", "verified": false}, "__twarc": {"url": "https://api.twitter.com/2/tweets/search/stream?expansions=author_id%2Cin_reply_to_user_id%2Creferenced_tweets.id%2Creferenced_tweets.id.author_id%2Centities.mentions.username%2Cattachments.poll_ids%2Cattachments.media_keys%2Cgeo.place_id%2Cedit_history_tweet_ids&tweet.fields=attachments%2Cauthor_id%2Ccontext_annotations%2Cconversation_id%2Ccreated_at%2Centities%2Cgeo%2Cid%2Cin_reply_to_user_id%2Clang%2Cpublic_metrics%2Ctext%2Cpossibly_sensitive%2Creferenced_tweets%2Creply_settings%2Csource%2Cwithheld%2Cedit_controls&user.fields=created_at%2Cdescription%2Centities%2Cid%2Clocation%2Cname%2Cpinned_tweet_id%2Cprofile_image_url%2Cprotected%2Cpublic_metrics%2Curl%2Cusername%2Cverified%2Cwithheld&media.fields=alt_text%2Cduration_ms%2Cheight%2Cmedia_key%2Cpreview_image_url%2Ctype%2Curl%2Cwidth%2Cpublic_metrics&poll.fields=duration_minutes%2Cend_datetime%2Cid%2Coptions%2Cvoting_status&place.fields=contained_within%2Ccountry%2Ccountry_code%2Cfull_name%2Cgeo%2Cid%2Cname%2Cplace_type", "version": "2.12.0", "retrieved_at": "2022-12-22T21:28:04+00:00"}, "matching_rules": [{"id": "1606038832670973958", "tag": "basketball-related-tweets"}]}, {"attachments": {}, "author_id": "22870549", "conversation_id": "1605673463502364673", "created_at": "2022-12-22T21:27:56.000Z", "edit_controls": {"edits_remaining": 5, "is_edit_eligible": false, "editable_until": "2022-12-22T21:57:56.000Z"}, "edit_history_tweet_ids": ["1606038855366352916"], "entities": {"mentions": [{"start": 0, "end": 13, "username": "BCrawford247", "id": "353112820", "created_at": "2011-08-11T15:28:55.000Z", "description": "NCAA  \ud83c\udfc8 analyst for @247Sports + @CBSSports | Bringing the WORD \u271d\ufe0f | #GirlDad x2 | Email: brad.crawford@cbsinteractive.com", "entities": {"url": {"urls": [{"start": 0, "end": 23, "url": "https://t.co/wbjvlnWasu", "expanded_url": "https://www.instagram.com/bcrawford87/", "display_url": "instagram.com/bcrawford87/"}]}, "description": {"hashtags": [{"start": 69, "end": 77, "tag": "GirlDad"}], "mentions": [{"start": 20, "end": 30, "username": "247Sports"}, {"start": 33, "end": 43, "username": "CBSSports"}]}}, "location": "North Carolina", "name": "Brad Crawford", "pinned_tweet_id": "1477663486176026628", "profile_image_url": "https://pbs.twimg.com/profile_images/1605032165972082688/-9acO62j_normal.jpg", "protected": false, "public_metrics": {"followers_count": 16009, "following_count": 1076, "tweet_count": 75902, "listed_count": 172}, "url": "https://t.co/wbjvlnWasu", "verified": true}]}, "geo": {}, "id": "1606038855366352916", "in_reply_to_user_id": "353112820", "lang": "en", "possibly_sensitive": false, "public_metrics": {"retweet_count": 0, "reply_count": 0, "like_count": 0, "quote_count": 0}, "referenced_tweets": [{"type": "replied_to", "id": "1605673463502364673", "attachments": {}, "author_id": "353112820", "context_annotations": [{"domain": {"id": "46", "name": "Business Taxonomy", "description": "Categories within Brand Verticals that narrow down the scope of Brands"}, "entity": {"id": "1557697289971322880", "name": "Sports & Fitness Business", "description": "Brands, companies, advertisers and every non-person handle with the profit intent related to sports nutrition, athletic apparel, sports apps, fitness venues"}}], "conversation_id": "1605673463502364673", "created_at": "2022-12-21T21:16:00.000Z", "edit_controls": {"edits_remaining": 5, "is_edit_eligible": true, "editable_until": "2022-12-21T21:46:00.000Z"}, "edit_history_tweet_ids": ["1605673463502364673"], "entities": {"annotations": [{"start": 11, "end": 14, "probability": 0.7837, "type": "Person", "normalized_text": "Dabo"}]}, "geo": {}, "lang": "en", "possibly_sensitive": false, "public_metrics": {"retweet_count": 77, "reply_count": 139, "like_count": 1337, "quote_count": 29}, "reply_settings": "everyone", "text": "Every time Dabo mentions God or his beliefs in a football setting, the world bashes him for it. Most believe it's contrived. He's said things like this for more than a decade, maybe it's from ... the heart?", "author": {"created_at": "2011-08-11T15:28:55.000Z", "description": "NCAA  \ud83c\udfc8 analyst for @247Sports + @CBSSports | Bringing the WORD \u271d\ufe0f | #GirlDad x2 | Email: brad.crawford@cbsinteractive.com", "entities": {"url": {"urls": [{"start": 0, "end": 23, "url": "https://t.co/wbjvlnWasu", "expanded_url": "https://www.instagram.com/bcrawford87/", "display_url": "instagram.com/bcrawford87/"}]}, "description": {"hashtags": [{"start": 69, "end": 77, "tag": "GirlDad"}], "mentions": [{"start": 20, "end": 30, "username": "247Sports"}, {"start": 33, "end": 43, "username": "CBSSports"}]}}, "id": "353112820", "location": "North Carolina", "name": "Brad Crawford", "pinned_tweet_id": "1477663486176026628", "profile_image_url": "https://pbs.twimg.com/profile_images/1605032165972082688/-9acO62j_normal.jpg", "protected": false, "public_metrics": {"followers_count": 16009, "following_count": 1076, "tweet_count": 75902, "listed_count": 172}, "url": "https://t.co/wbjvlnWasu", "username": "BCrawford247", "verified": true}}], "reply_settings": "everyone", "text": "@BCrawford247 It\u2019s from the heart. I know him well and it\u2019s very real.", "author": {"created_at": "2009-03-05T03:05:08.000Z", "description": "14x Best-selling author of 26 books including Energy Bus, Power of Positive Leadership, The Garden. Clients:Rams, Clemson FB, TB Lightning, Dell, Snap, Heat.", "entities": {"url": {"urls": [{"start": 0, "end": 23, "url": "https://t.co/oflNKuNejX", "expanded_url": "http://www.JonGordon.com", "display_url": "JonGordon.com"}]}}, "id": "22870549", "location": "Ponte Vedra Beach, FL", "name": "Jon Gordon", "profile_image_url": "https://pbs.twimg.com/profile_images/1261093096315596801/7oTSrBXv_normal.jpg", "protected": false, "public_metrics": {"followers_count": 280359, "following_count": 1873, "tweet_count": 58468, "listed_count": 1586}, "url": "https://t.co/oflNKuNejX", "username": "JonGordon11", "verified": true}, "in_reply_to_user": {"created_at": "2011-08-11T15:28:55.000Z", "description": "NCAA  \ud83c\udfc8 analyst for @247Sports + @CBSSports | Bringing the WORD \u271d\ufe0f | #GirlDad x2 | Email: brad.crawford@cbsinteractive.com", "entities": {"url": {"urls": [{"start": 0, "end": 23, "url": "https://t.co/wbjvlnWasu", "expanded_url": "https://www.instagram.com/bcrawford87/", "display_url": "instagram.com/bcrawford87/"}]}, "description": {"hashtags": [{"start": 69, "end": 77, "tag": "GirlDad"}], "mentions": [{"start": 20, "end": 30, "username": "247Sports"}, {"start": 33, "end": 43, "username": "CBSSports"}]}}, "id": "353112820", "location": "North Carolina", "name": "Brad Crawford", "pinned_tweet_id": "1477663486176026628", "profile_image_url": "https://pbs.twimg.com/profile_images/1605032165972082688/-9acO62j_normal.jpg", "protected": false, "public_metrics": {"followers_count": 16009, "following_count": 1076, "tweet_count": 75902, "listed_count": 172}, "url": "https://t.co/wbjvlnWasu", "username": "BCrawford247", "verified": true}, "__twarc": {"url": "https://api.twitter.com/2/tweets/search/stream?expansions=author_id%2Cin_reply_to_user_id%2Creferenced_tweets.id%2Creferenced_tweets.id.author_id%2Centities.mentions.username%2Cattachments.poll_ids%2Cattachments.media_keys%2Cgeo.place_id%2Cedit_history_tweet_ids&tweet.fields=attachments%2Cauthor_id%2Ccontext_annotations%2Cconversation_id%2Ccreated_at%2Centities%2Cgeo%2Cid%2Cin_reply_to_user_id%2Clang%2Cpublic_metrics%2Ctext%2Cpossibly_sensitive%2Creferenced_tweets%2Creply_settings%2Csource%2Cwithheld%2Cedit_controls&user.fields=created_at%2Cdescription%2Centities%2Cid%2Clocation%2Cname%2Cpinned_tweet_id%2Cprofile_image_url%2Cprotected%2Cpublic_metrics%2Curl%2Cusername%2Cverified%2Cwithheld&media.fields=alt_text%2Cduration_ms%2Cheight%2Cmedia_key%2Cpreview_image_url%2Ctype%2Curl%2Cwidth%2Cpublic_metrics&poll.fields=duration_minutes%2Cend_datetime%2Cid%2Coptions%2Cvoting_status&place.fields=contained_within%2Ccountry%2Ccountry_code%2Cfull_name%2Cgeo%2Cid%2Cname%2Cplace_type", "version": "2.12.0", "retrieved_at": "2022-12-22T21:28:04+00:00"}, "matching_rules": [{"id": "1606038832670973959", "tag": "soccer-related-tweets"}, {"id": "1606038832670973960", "tag": "football-related-tweets"}]}, {"attachments": {"media_keys": ["3_1605674569976541184", "3_1605674643028746241", "3_1605674643305598976", "3_1605674657826230273"], "media": [{"height": 1211, "media_key": "3_1605674569976541184", "public_metrics": {}, "type": "photo", "url": "https://pbs.twimg.com/media/FkiAg6BUcAAga4t.jpg", "width": 574}, {"height": 1056, "media_key": "3_1605674643028746241", "public_metrics": {}, "type": "photo", "url": "https://pbs.twimg.com/media/FkiAlKKUoAEE-Pr.jpg", "width": 800}, {"height": 854, "media_key": "3_1605674643305598976", "public_metrics": {}, "type": "photo", "url": "https://pbs.twimg.com/media/FkiAlLMVEAAYap6.jpg", "width": 347}, {"height": 787, "media_key": "3_1605674657826230273", "public_metrics": {}, "type": "photo", "url": "https://pbs.twimg.com/media/FkiAmBSUUAEf_XL.jpg", "width": 1080}]}, "author_id": "767528080390889472", "context_annotations": [{"domain": {"id": "3", "name": "TV Shows", "description": "Television shows from around the world"}, "entity": {"id": "10000607734", "name": "NBA Basketball", "description": "All the latest basketball action from the NBA."}}, {"domain": {"id": "3", "name": "TV Shows", "description": "Television shows from around the world"}, "entity": {"id": "10029304530", "name": "NBA Basketball"}}, {"domain": {"id": "11", "name": "Sport", "description": "Types of sports, like soccer and basketball"}, "entity": {"id": "706083902411055104", "name": "Basketball"}}, {"domain": {"id": "26", "name": "Sports League", "description": ""}, "entity": {"id": "706083889454813185", "name": "NBA"}}, {"domain": {"id": "46", "name": "Business Taxonomy", "description": "Categories within Brand Verticals that narrow down the scope of Brands"}, "entity": {"id": "1557697289971322880", "name": "Sports & Fitness Business", "description": "Brands, companies, advertisers and every non-person handle with the profit intent related to sports nutrition, athletic apparel, sports apps, fitness venues"}}, {"domain": {"id": "131", "name": "Unified Twitter Taxonomy", "description": "A taxonomy of user interests. "}, "entity": {"id": "706083889454813185", "name": "NBA"}}, {"domain": {"id": "131", "name": "Unified Twitter Taxonomy", "description": "A taxonomy of user interests. "}, "entity": {"id": "706083902411055104", "name": "Basketball"}}, {"domain": {"id": "131", "name": "Unified Twitter Taxonomy", "description": "A taxonomy of user interests. "}, "entity": {"id": "847900493514891265", "name": "Sports", "description": "Sports"}}, {"domain": {"id": "45", "name": "Brand Vertical", "description": "Top level entities that describe a Brands industry"}, "entity": {"id": "781974597310615553", "name": "Entertainment"}}, {"domain": {"id": "47", "name": "Brand", "description": "Brands and Companies"}, "entity": {"id": "10042758024", "name": "NBA"}}], "conversation_id": "1606038855269765120", "created_at": "2022-12-22T21:27:56.000Z", "edit_controls": {"edits_remaining": 5, "is_edit_eligible": false, "editable_until": "2022-12-22T21:57:56.000Z"}, "edit_history_tweet_ids": ["1606038855269765120"], "entities": {"annotations": [{"start": 25, "end": 27, "probability": 0.9273, "type": "Organization", "normalized_text": "NBA"}], "mentions": [{"start": 3, "end": 19, "username": "JasmineLWatkins", "id": "303391538", "created_at": "2011-05-22T19:52:22.000Z", "description": "building community @Nike Virtual Studios", "entities": {"url": {"urls": [{"start": 0, "end": 23, "url": "https://t.co/10Lu9t6Z2K", "expanded_url": "https://www.instagram.com/thejasminelwatkins", "display_url": "instagram.com/thejasminelwat\u2026"}]}, "description": {"mentions": [{"start": 19, "end": 24, "username": "Nike"}]}}, "location": "LA now, ATL foreva", "name": "Jasmine", "pinned_tweet_id": "1518037543828267010", "profile_image_url": "https://pbs.twimg.com/profile_images/1597997664729038849/UA0dS-w6_normal.jpg", "protected": false, "public_metrics": {"followers_count": 35109, "following_count": 829, "tweet_count": 72046, "listed_count": 415}, "url": "https://t.co/10Lu9t6Z2K", "verified": true}], "urls": [{"start": 56, "end": 79, "url": "https://t.co/wsPbOWkwh5", "expanded_url": "https://twitter.com/JasmineLWatkins/status/1605675081912311808/photo/1", "display_url": "pic.twitter.com/wsPbOWkwh5", "media_key": "3_1605674569976541184"}, {"start": 56, "end": 79, "url": "https://t.co/wsPbOWkwh5", "expanded_url": "https://twitter.com/JasmineLWatkins/status/1605675081912311808/photo/1", "display_url": "pic.twitter.com/wsPbOWkwh5", "media_key": "3_1605674643028746241"}, {"start": 56, "end": 79, "url": "https://t.co/wsPbOWkwh5", "expanded_url": "https://twitter.com/JasmineLWatkins/status/1605675081912311808/photo/1", "display_url": "pic.twitter.com/wsPbOWkwh5", "media_key": "3_1605674643305598976"}, {"start": 56, "end": 79, "url": "https://t.co/wsPbOWkwh5", "expanded_url": "https://twitter.com/JasmineLWatkins/status/1605675081912311808/photo/1", "display_url": "pic.twitter.com/wsPbOWkwh5", "media_key": "3_1605674657826230273"}]}, "geo": {}, "id": "1606038855269765120", "lang": "en", "possibly_sensitive": false, "public_metrics": {"retweet_count": 410, "reply_count": 0, "like_count": 0, "quote_count": 0}, "referenced_tweets": [{"type": "retweeted", "id": "1605675081912311808", "attachments": {"media_keys": ["3_1605674569976541184", "3_1605674643028746241", "3_1605674643305598976", "3_1605674657826230273"], "media": [{"height": 1211, "media_key": "3_1605674569976541184", "public_metrics": {}, "type": "photo", "url": "https://pbs.twimg.com/media/FkiAg6BUcAAga4t.jpg", "width": 574}, {"height": 1056, "media_key": "3_1605674643028746241", "public_metrics": {}, "type": "photo", "url": "https://pbs.twimg.com/media/FkiAlKKUoAEE-Pr.jpg", "width": 800}, {"height": 854, "media_key": "3_1605674643305598976", "public_metrics": {}, "type": "photo", "url": "https://pbs.twimg.com/media/FkiAlLMVEAAYap6.jpg", "width": 347}, {"height": 787, "media_key": "3_1605674657826230273", "public_metrics": {}, "type": "photo", "url": "https://pbs.twimg.com/media/FkiAmBSUUAEf_XL.jpg", "width": 1080}]}, "author_id": "303391538", "context_annotations": [{"domain": {"id": "3", "name": "TV Shows", "description": "Television shows from around the world"}, "entity": {"id": "10000607734", "name": "NBA Basketball", "description": "All the latest basketball action from the NBA."}}, {"domain": {"id": "3", "name": "TV Shows", "description": "Television shows from around the world"}, "entity": {"id": "10029304530", "name": "NBA Basketball"}}, {"domain": {"id": "11", "name": "Sport", "description": "Types of sports, like soccer and basketball"}, "entity": {"id": "706083902411055104", "name": "Basketball"}}, {"domain": {"id": "26", "name": "Sports League", "description": ""}, "entity": {"id": "706083889454813185", "name": "NBA"}}, {"domain": {"id": "46", "name": "Business Taxonomy", "description": "Categories within Brand Verticals that narrow down the scope of Brands"}, "entity": {"id": "1557697289971322880", "name": "Sports & Fitness Business", "description": "Brands, companies, advertisers and every non-person handle with the profit intent related to sports nutrition, athletic apparel, sports apps, fitness venues"}}, {"domain": {"id": "131", "name": "Unified Twitter Taxonomy", "description": "A taxonomy of user interests. "}, "entity": {"id": "706083889454813185", "name": "NBA"}}, {"domain": {"id": "131", "name": "Unified Twitter Taxonomy", "description": "A taxonomy of user interests. "}, "entity": {"id": "706083902411055104", "name": "Basketball"}}, {"domain": {"id": "131", "name": "Unified Twitter Taxonomy", "description": "A taxonomy of user interests. "}, "entity": {"id": "847900493514891265", "name": "Sports", "description": "Sports"}}, {"domain": {"id": "45", "name": "Brand Vertical", "description": "Top level entities that describe a Brands industry"}, "entity": {"id": "781974597310615553", "name": "Entertainment"}}, {"domain": {"id": "47", "name": "Brand", "description": "Brands and Companies"}, "entity": {"id": "10042758024", "name": "NBA"}}], "conversation_id": "1605675081912311808", "created_at": "2022-12-21T21:22:26.000Z", "edit_controls": {"edits_remaining": 5, "is_edit_eligible": true, "editable_until": "2022-12-21T21:52:26.000Z"}, "edit_history_tweet_ids": ["1605675081912311808"], "entities": {"annotations": [{"start": 4, "end": 6, "probability": 0.9591, "type": "Organization", "normalized_text": "NBA"}], "urls": [{"start": 35, "end": 58, "url": "https://t.co/wsPbOWkwh5", "expanded_url": "https://twitter.com/JasmineLWatkins/status/1605675081912311808/photo/1", "display_url": "pic.twitter.com/wsPbOWkwh5", "media_key": "3_1605674569976541184"}, {"start": 35, "end": 58, "url": "https://t.co/wsPbOWkwh5", "expanded_url": "https://twitter.com/JasmineLWatkins/status/1605675081912311808/photo/1", "display_url": "pic.twitter.com/wsPbOWkwh5", "media_key": "3_1605674643028746241"}, {"start": 35, "end": 58, "url": "https://t.co/wsPbOWkwh5", "expanded_url": "https://twitter.com/JasmineLWatkins/status/1605675081912311808/photo/1", "display_url": "pic.twitter.com/wsPbOWkwh5", "media_key": "3_1605674643305598976"}, {"start": 35, "end": 58, "url": "https://t.co/wsPbOWkwh5", "expanded_url": "https://twitter.com/JasmineLWatkins/status/1605675081912311808/photo/1", "display_url": "pic.twitter.com/wsPbOWkwh5", "media_key": "3_1605674657826230273"}]}, "geo": {}, "lang": "en", "possibly_sensitive": false, "public_metrics": {"retweet_count": 410, "reply_count": 43, "like_count": 2299, "quote_count": 280}, "reply_settings": "everyone", "text": "The NBA's white tee era was a time https://t.co/wsPbOWkwh5", "author": {"created_at": "2011-05-22T19:52:22.000Z", "description": "building community @Nike Virtual Studios", "entities": {"url": {"urls": [{"start": 0, "end": 23, "url": "https://t.co/10Lu9t6Z2K", "expanded_url": "https://www.instagram.com/thejasminelwatkins", "display_url": "instagram.com/thejasminelwat\u2026"}]}, "description": {"mentions": [{"start": 19, "end": 24, "username": "Nike"}]}}, "id": "303391538", "location": "LA now, ATL foreva", "name": "Jasmine", "pinned_tweet_id": "1518037543828267010", "profile_image_url": "https://pbs.twimg.com/profile_images/1597997664729038849/UA0dS-w6_normal.jpg", "protected": false, "public_metrics": {"followers_count": 35109, "following_count": 829, "tweet_count": 72046, "listed_count": 415}, "url": "https://t.co/10Lu9t6Z2K", "username": "JasmineLWatkins", "verified": true}}], "reply_settings": "everyone", "text": "RT @JasmineLWatkins: The NBA's white tee era was a time https://t.co/wsPbOWkwh5", "author": {"created_at": "2016-08-22T01:05:29.000Z", "description": "Parker                             Cinematography/Photography    Booking and Info: parkeranthony87@gmail.com https://t.co/QmgMROrhkn", "entities": {"url": {"urls": [{"start": 0, "end": 23, "url": "https://t.co/QmgMROrhkn", "expanded_url": "https://www.tonyghostproductions.com", "display_url": "tonyghostproductions.com"}]}, "description": {"urls": [{"start": 109, "end": 132, "url": "https://t.co/QmgMROrhkn", "expanded_url": "https://www.tonyghostproductions.com", "display_url": "tonyghostproductions.com"}]}}, "id": "767528080390889472", "location": "Michigan, USA", "name": "\u201878 TinMan", "pinned_tweet_id": "1449823578401222665", "profile_image_url": "https://pbs.twimg.com/profile_images/1354855400152170500/flyvYNvf_normal.jpg", "protected": false, "public_metrics": {"followers_count": 492, "following_count": 480, "tweet_count": 99091, "listed_count": 0}, "url": "https://t.co/QmgMROrhkn", "username": "__TGP", "verified": false}, "__twarc": {"url": "https://api.twitter.com/2/tweets/search/stream?expansions=author_id%2Cin_reply_to_user_id%2Creferenced_tweets.id%2Creferenced_tweets.id.author_id%2Centities.mentions.username%2Cattachments.poll_ids%2Cattachments.media_keys%2Cgeo.place_id%2Cedit_history_tweet_ids&tweet.fields=attachments%2Cauthor_id%2Ccontext_annotations%2Cconversation_id%2Ccreated_at%2Centities%2Cgeo%2Cid%2Cin_reply_to_user_id%2Clang%2Cpublic_metrics%2Ctext%2Cpossibly_sensitive%2Creferenced_tweets%2Creply_settings%2Csource%2Cwithheld%2Cedit_controls&user.fields=created_at%2Cdescription%2Centities%2Cid%2Clocation%2Cname%2Cpinned_tweet_id%2Cprofile_image_url%2Cprotected%2Cpublic_metrics%2Curl%2Cusername%2Cverified%2Cwithheld&media.fields=alt_text%2Cduration_ms%2Cheight%2Cmedia_key%2Cpreview_image_url%2Ctype%2Curl%2Cwidth%2Cpublic_metrics&poll.fields=duration_minutes%2Cend_datetime%2Cid%2Coptions%2Cvoting_status&place.fields=contained_within%2Ccountry%2Ccountry_code%2Cfull_name%2Cgeo%2Cid%2Cname%2Cplace_type", "version": "2.12.0", "retrieved_at": "2022-12-22T21:28:04+00:00"}, "matching_rules": [{"id": "1606038832670973958", "tag": "basketball-related-tweets"}]}, {"attachments": {}, "author_id": "262423907", "conversation_id": "1606036619852533760", "created_at": "2022-12-22T21:27:56.000Z", "edit_controls": {"edits_remaining": 5, "is_edit_eligible": false, "editable_until": "2022-12-22T21:57:56.000Z"}, "edit_history_tweet_ids": ["1606038854720294913"], "entities": {"mentions": [{"start": 0, "end": 12, "username": "LO_Syracuse", "id": "1220808694037975042", "created_at": "2020-01-24T20:40:58.000Z", "description": "The ONLY daily Syracuse basketball and football podcast. Part of Locked On Podcast Network. Hosted by @matt_bonaparte & @OValentine14. Subscribe below!\u2b07\ufe0f", "entities": {"url": {"urls": [{"start": 0, "end": 23, "url": "https://t.co/cc3xHrADha", "expanded_url": "https://linktr.ee/LockedOnSyracuse", "display_url": "linktr.ee/LockedOnSyracu\u2026"}]}, "description": {"mentions": [{"start": 102, "end": 117, "username": "matt_bonaparte"}, {"start": 120, "end": 133, "username": "OValentine14"}]}}, "location": "Syracuse, NY", "name": "Locked On Syracuse \ud83c\udfb3", "pinned_tweet_id": "1575147718179160068", "profile_image_url": "https://pbs.twimg.com/profile_images/1225521636046245890/oIYyy3hj_normal.jpg", "protected": false, "public_metrics": {"followers_count": 2109, "following_count": 621, "tweet_count": 6512, "listed_count": 36}, "url": "https://t.co/cc3xHrADha", "verified": false}]}, "geo": {}, "id": "1606038854720294913", "in_reply_to_user_id": "1220808694037975042", "lang": "en", "possibly_sensitive": false, "public_metrics": {"retweet_count": 0, "reply_count": 0, "like_count": 0, "quote_count": 0}, "referenced_tweets": [{"type": "replied_to", "id": "1606036619852533760", "attachments": {}, "author_id": "1220808694037975042", "context_annotations": [{"domain": {"id": "46", "name": "Business Taxonomy", "description": "Categories within Brand Verticals that narrow down the scope of Brands"}, "entity": {"id": "1557697289971322880", "name": "Sports & Fitness Business", "description": "Brands, companies, advertisers and every non-person handle with the profit intent related to sports nutrition, athletic apparel, sports apps, fitness venues"}}, {"domain": {"id": "11", "name": "Sport", "description": "Types of sports, like soccer and basketball"}, "entity": {"id": "706083902411055104", "name": "Basketball"}}, {"domain": {"id": "131", "name": "Unified Twitter Taxonomy", "description": "A taxonomy of user interests. "}, "entity": {"id": "706083902411055104", "name": "Basketball"}}, {"domain": {"id": "131", "name": "Unified Twitter Taxonomy", "description": "A taxonomy of user interests. "}, "entity": {"id": "847900493514891265", "name": "Sports", "description": "Sports"}}], "conversation_id": "1606036619852533760", "created_at": "2022-12-22T21:19:03.000Z", "edit_controls": {"edits_remaining": 5, "is_edit_eligible": false, "editable_until": "2022-12-22T21:49:03.000Z"}, "edit_history_tweet_ids": ["1606036619852533760"], "entities": {"annotations": [{"start": 15, "end": 22, "probability": 0.731, "type": "Organization", "normalized_text": "Syracuse"}]}, "geo": {}, "lang": "en", "possibly_sensitive": false, "public_metrics": {"retweet_count": 0, "reply_count": 2, "like_count": 1, "quote_count": 0}, "reply_settings": "everyone", "text": "Checking in on Syracuse basketball transfer portal exports and decommits, a thread:", "author": {"created_at": "2020-01-24T20:40:58.000Z", "description": "The ONLY daily Syracuse basketball and football podcast. Part of Locked On Podcast Network. Hosted by @matt_bonaparte & @OValentine14. Subscribe below!\u2b07\ufe0f", "entities": {"url": {"urls": [{"start": 0, "end": 23, "url": "https://t.co/cc3xHrADha", "expanded_url": "https://linktr.ee/LockedOnSyracuse", "display_url": "linktr.ee/LockedOnSyracu\u2026"}]}, "description": {"mentions": [{"start": 102, "end": 117, "username": "matt_bonaparte"}, {"start": 120, "end": 133, "username": "OValentine14"}]}}, "id": "1220808694037975042", "location": "Syracuse, NY", "name": "Locked On Syracuse \ud83c\udfb3", "pinned_tweet_id": "1575147718179160068", "profile_image_url": "https://pbs.twimg.com/profile_images/1225521636046245890/oIYyy3hj_normal.jpg", "protected": false, "public_metrics": {"followers_count": 2109, "following_count": 621, "tweet_count": 6512, "listed_count": 36}, "url": "https://t.co/cc3xHrADha", "username": "LO_Syracuse", "verified": false}}], "reply_settings": "everyone", "text": "@LO_Syracuse Grass apparently isn't always greener.  Kadary obviously was a killer but Quincy really hurt himself and is badly missed here.  Quincy would be playing 30 mpg here.  Everyone loses.", "author": {"created_at": "2011-03-08T01:04:07.000Z", "description": "red sox, syracuse, springsteen, celtics, patriots fan", "entities": {"url": {"urls": [{"start": 0, "end": 23, "url": "https://t.co/HdTex9zlSW", "expanded_url": "http://www.11development.com", "display_url": "11development.com"}]}}, "id": "262423907", "name": "Scott Shuster", "profile_image_url": "https://pbs.twimg.com/profile_images/578554911631257601/pE0NzViX_normal.jpeg", "protected": false, "public_metrics": {"followers_count": 360, "following_count": 955, "tweet_count": 9674, "listed_count": 8}, "url": "https://t.co/HdTex9zlSW", "username": "Scottshuster11", "verified": false}, "in_reply_to_user": {"created_at": "2020-01-24T20:40:58.000Z", "description": "The ONLY daily Syracuse basketball and football podcast. Part of Locked On Podcast Network. Hosted by @matt_bonaparte & @OValentine14. Subscribe below!\u2b07\ufe0f", "entities": {"url": {"urls": [{"start": 0, "end": 23, "url": "https://t.co/cc3xHrADha", "expanded_url": "https://linktr.ee/LockedOnSyracuse", "display_url": "linktr.ee/LockedOnSyracu\u2026"}]}, "description": {"mentions": [{"start": 102, "end": 117, "username": "matt_bonaparte"}, {"start": 120, "end": 133, "username": "OValentine14"}]}}, "id": "1220808694037975042", "location": "Syracuse, NY", "name": "Locked On Syracuse \ud83c\udfb3", "pinned_tweet_id": "1575147718179160068", "profile_image_url": "https://pbs.twimg.com/profile_images/1225521636046245890/oIYyy3hj_normal.jpg", "protected": false, "public_metrics": {"followers_count": 2109, "following_count": 621, "tweet_count": 6512, "listed_count": 36}, "url": "https://t.co/cc3xHrADha", "username": "LO_Syracuse", "verified": false}, "__twarc": {"url": "https://api.twitter.com/2/tweets/search/stream?expansions=author_id%2Cin_reply_to_user_id%2Creferenced_tweets.id%2Creferenced_tweets.id.author_id%2Centities.mentions.username%2Cattachments.poll_ids%2Cattachments.media_keys%2Cgeo.place_id%2Cedit_history_tweet_ids&tweet.fields=attachments%2Cauthor_id%2Ccontext_annotations%2Cconversation_id%2Ccreated_at%2Centities%2Cgeo%2Cid%2Cin_reply_to_user_id%2Clang%2Cpublic_metrics%2Ctext%2Cpossibly_sensitive%2Creferenced_tweets%2Creply_settings%2Csource%2Cwithheld%2Cedit_controls&user.fields=created_at%2Cdescription%2Centities%2Cid%2Clocation%2Cname%2Cpinned_tweet_id%2Cprofile_image_url%2Cprotected%2Cpublic_metrics%2Curl%2Cusername%2Cverified%2Cwithheld&media.fields=alt_text%2Cduration_ms%2Cheight%2Cmedia_key%2Cpreview_image_url%2Ctype%2Curl%2Cwidth%2Cpublic_metrics&poll.fields=duration_minutes%2Cend_datetime%2Cid%2Coptions%2Cvoting_status&place.fields=contained_within%2Ccountry%2Ccountry_code%2Cfull_name%2Cgeo%2Cid%2Cname%2Cplace_type", "version": "2.12.0", "retrieved_at": "2022-12-22T21:28:04+00:00"}, "matching_rules": [{"id": "1606038832670973958", "tag": "basketball-related-tweets"}]}]