 [{"attachments": {}, "author_id": "1600026949686071297", "context_annotations": [{"domain": {"id": "6", "name": "Sports Event"}, "entity": {"id": "1275806388367720450", "name": "2022 FIFA World Cup"}}, {"domain": {"id": "10", "name": "Person", "description": "Named people in the world like Nelson Mandela"}, "entity": {"id": "827325580764815361", "name": "Erling Haaland"}}, {"domain": {"id": "26", "name": "Sports League", "description": ""}, "entity": {"id": "1275806388367720450", "name": "2022 FIFA World Cup"}}, {"domain": {"id": "26", "name": "Sports League", "description": ""}, "entity": {"id": "1304474187961044993", "name": "FIFA Men's World Cup"}}, {"domain": {"id": "29", "name": "Events [Entity Service]", "description": "Real world events. "}, "entity": {"id": "1275806388367720450", "name": "2022 FIFA World Cup"}}, {"domain": {"id": "40", "name": "Sports Series", "description": "A grouping of sports events or series, for example 2014 pre-season, a tournament, or round"}, "entity": {"id": "1275806388367720450", "name": "2022 FIFA World Cup"}}, {"domain": {"id": "46", "name": "Business Taxonomy", "description": "Categories within Brand Verticals that narrow down the scope of Brands"}, "entity": {"id": "1557697289971322880", "name": "Sports & Fitness Business", "description": "Brands, companies, advertisers and every non-person handle with the profit intent related to sports nutrition, athletic apparel, sports apps, fitness venues"}}, {"domain": {"id": "60", "name": "Athlete", "description": "An athlete in the world, like Serena Williams or Lionel Messi"}, "entity": {"id": "827325580764815361", "name": "Erling Haaland"}}, {"domain": {"id": "131", "name": "Unified Twitter Taxonomy", "description": "A taxonomy of user interests. "}, "entity": {"id": "733756536430809088", "name": "Soccer"}}, {"domain": {"id": "131", "name": "Unified Twitter Taxonomy", "description": "A taxonomy of user interests. "}, "entity": {"id": "827325580764815361", "name": "Erling Haaland"}}, {"domain": {"id": "131", "name": "Unified Twitter Taxonomy", "description": "A taxonomy of user interests. "}, "entity": {"id": "847900493514891265", "name": "Sports", "description": "Sports"}}, {"domain": {"id": "131", "name": "Unified Twitter Taxonomy", "description": "A taxonomy of user interests. "}, "entity": {"id": "1286401121641103360", "name": "Sports events"}}, {"domain": {"id": "131", "name": "Unified Twitter Taxonomy", "description": "A taxonomy of user interests. "}, "entity": {"id": "1304474187961044993", "name": "FIFA Men's World Cup"}}, {"domain": {"id": "131", "name": "Unified Twitter Taxonomy", "description": "A taxonomy of user interests. "}, "entity": {"id": "1436053202835689485", "name": "Events"}}], "conversation_id": "1606031815411523585", "created_at": "2022-12-22T20:59:58.000Z", "edit_controls": {"edits_remaining": 5, "is_edit_eligible": true, "editable_until": "2022-12-22T21:29:58.000Z"}, "edit_history_tweet_ids": ["1606031815411523585"], "entities": {}, "geo": {}, "id": "1606031815411523585", "lang": "en", "possibly_sensitive": false, "public_metrics": {"retweet_count": 0, "reply_count": 0, "like_count": 0, "quote_count": 0}, "reply_settings": "everyone", "text": "First game after world cup break\nFirst chance \nFirst shot, bang!\nErling Haaland is back again!", "author": {"created_at": "2022-12-06T07:19:20.000Z", "description": "| God\u2764\ufe0f | Family | Open to new ideas and diverse views | Manchester United stan\u2764\ufe0f", "id": "1600026949686071297", "name": "Gerhart_\ud83d\udc51", "profile_image_url": "https://pbs.twimg.com/profile_images/1605149219257548801/GQrERMmY_normal.jpg", "protected": false, "public_metrics": {"followers_count": 86, "following_count": 48, "tweet_count": 171, "listed_count": 0}, "username": "bibinii_y3_nipa", "verified": false}, "__twarc": {"url": "https://api.twitter.com/2/tweets/search/stream?expansions=author_id%2Cin_reply_to_user_id%2Creferenced_tweets.id%2Creferenced_tweets.id.author_id%2Centities.mentions.username%2Cattachments.poll_ids%2Cattachments.media_keys%2Cgeo.place_id%2Cedit_history_tweet_ids&tweet.fields=attachments%2Cauthor_id%2Ccontext_annotations%2Cconversation_id%2Ccreated_at%2Centities%2Cgeo%2Cid%2Cin_reply_to_user_id%2Clang%2Cpublic_metrics%2Ctext%2Cpossibly_sensitive%2Creferenced_tweets%2Creply_settings%2Csource%2Cwithheld%2Cedit_controls&user.fields=created_at%2Cdescription%2Centities%2Cid%2Clocation%2Cname%2Cpinned_tweet_id%2Cprofile_image_url%2Cprotected%2Cpublic_metrics%2Curl%2Cusername%2Cverified%2Cwithheld&media.fields=alt_text%2Cduration_ms%2Cheight%2Cmedia_key%2Cpreview_image_url%2Ctype%2Curl%2Cwidth%2Cpublic_metrics&poll.fields=duration_minutes%2Cend_datetime%2Cid%2Coptions%2Cvoting_status&place.fields=contained_within%2Ccountry%2Ccountry_code%2Cfull_name%2Cgeo%2Cid%2Cname%2Cplace_type", "version": "2.12.0", "retrieved_at": "2022-12-22T21:00:06+00:00"}, "matching_rules": [{"id": "1606030432407269376", "tag": "worldcup-related-tweets"}]}]
